ri,ro,t,F,Z,M,T,S
80.0,110.0,1.5,1000.0,9.0,2.095128140679033,3.317331881291514,161163.70312915638
70.0,90.0,1.5,1000.0,3.0,0.4704849158016074,11.647293289345374,30159.289474462013
80.0,101.0,1.5,1000.0,3.0,0.5588478640505967,10.332274443151492,35823.581028884415
70.0,90.0,1.5,1000.0,4.0,0.5881061447520093,8.788789214010103,40212.385965949354
80.0,101.0,1.5,1000.0,4.0,0.698559830063246,7.791136006518586,47764.77470517922
70.0,90.0,1.5,1000.0,5.0,0.705727373702411,7.056875472633802,50265.482457436694
80.0,109.0,1.5,1000.0,9.0,2.0146311121161014,3.3362812751896014,154971.62400893093
80.0,108.0,1.5,1000.0,9.0,1.9348692162341101,3.355403924144981,148836.09355647003
80.0,107.0,1.5,1000.0,9.0,1.8558424530330593,3.374701337938351,142757.11177177378
80.0,106.0,1.5,1000.0,9.0,1.777550822512948,3.394175014809138,136734.67865484217
80.0,105.0,1.5,1000.0,9.0,1.699994324673777,3.413826439646732,130768.79420567513
80.0,104.0,1.5,1000.0,9.0,1.6231729595155455,3.433657082072825,124859.45842427274
80.0,103.0,1.5,1000.0,9.0,1.5470867270382542,3.453668394409194,119006.67131063495
80.0,102.0,1.5,1000.0,9.0,1.471735627241903,3.473861809525021,113210.4328647618
80.0,101.0,1.5,1000.0,9.0,1.397119660126492,3.4942387385575473,107470.74308665324
70.0,90.0,1.5,1000.0,6.0,0.823348602652813,5.895175569684019,60318.57894892403
80.0,100.0,1.5,1000.0,5.0,0.7939432954152124,6.289792766247159,56548.66776461627
80.0,100.0,1.5,1000.0,9.0,1.3232388256920207,3.514800568499565,101787.60197630929
70.0,90.0,1.5,1000.0,7.0,0.9409698316032148,5.061889437452429,70371.67544041137
80.0,100.0,1.5,1000.0,6.0,0.9262671779844145,5.2529670433959845,67858.40131753954
80.0,100.0,1.5,1000.0,4.0,0.6616194128460103,7.836567040551036,45238.93421169302
80.0,100.0,1.5,1000.0,3.0,0.5292955302768083,10.392197029717638,33929.20065876977
71.0,91.0,1.5,1000.0,3.0,0.47636597724912744,11.508375081604525,30536.280592892785
72.0,92.0,1.5,1000.0,3.0,0.4822470386966476,11.372714688635751,30913.271711323563
73.0,93.0,1.5,1000.0,3.0,0.48812810014416763,11.240199438543307,31290.26282975434
74.0,94.0,1.5,1000.0,3.0,0.4940091615916878,11.110721767702282,31667.253948185116
75.0,95.0,1.5,1000.0,3.0,0.4998902230392078,10.984178936154574,32044.245066615887
70.0,90.0,1.5,1000.0,8.0,1.0585910605536166,4.434999895981484,80424.77193189871
76.0,96.0,1.5,1000.0,3.0,0.505771284486728,10.860472761708268,32421.236185046662
77.0,97.0,1.5,1000.0,3.0,0.511652345934248,10.739509371331218,32798.22730347744
79.0,99.0,1.5,1000.0,7.0,1.0468289376585764,4.559363874967249,78288.48892745764
78.0,98.0,1.5,1000.0,3.0,0.5175334073817682,10.621198968548896,33175.21842190822
79.0,99.0,1.5,1000.0,3.0,0.5234144688292882,10.50545561566452,33552.20954033899
71.0,91.0,1.5,1000.0,4.0,0.5954574715614093,8.683332467888404,40715.040790523715
72.0,92.0,1.5,1000.0,4.0,0.6028087983708095,8.580363637717387,41217.695615098084
70.0,90.0,1.5,1000.0,9.0,1.1762122895040186,3.9462737455164696,90477.86842338604
73.0,93.0,1.5,1000.0,4.0,0.6101601251802095,8.479796163547105,41720.35043967245
74.0,94.0,1.5,1000.0,4.0,0.6175114519896098,8.381547433466254,42223.00526424682
78.0,98.0,1.5,1000.0,8.0,1.1644501666089784,4.038809085044251,88467.24912508858
75.0,95.0,1.5,1000.0,4.0,0.6248627787990099,8.285538562299607,42725.66008882118
76.0,96.0,1.5,1000.0,4.0,0.63221410560841,8.191694184939207,43228.31491339555
71.0,91.0,1.5,1000.0,5.0,0.7145489658736912,6.971892476932307,50893.800988154646
77.0,97.0,1.5,1000.0,4.0,0.63956543241781,8.099942263199754,43730.96973796992
72.0,92.0,1.5,1000.0,5.0,0.7233705580449714,6.888921616792741,51522.119518872605
78.0,98.0,1.5,1000.0,4.0,0.6469167592272103,8.010213905183011,44233.62456254429
73.0,93.0,1.5,1000.0,5.0,0.7321921502162515,6.807892633385585,52150.438049590564
79.0,99.0,1.5,1000.0,4.0,0.6542680860366102,7.92244319622171,44736.27938711865
74.0,94.0,1.5,1000.0,5.0,0.7410137423875317,6.72873848402665,52778.75658030853
71.0,91.0,1.5,1000.0,6.0,0.833640460185973,5.824010150031013,61072.56118578557
71.0,91.0,1.5,1000.0,9.0,1.1909149431228185,3.8984416232813928,91608.84177867835
75.0,95.0,1.5,1000.0,5.0,0.7498353345588117,6.651395161239203,53407.07511102648
72.0,92.0,1.5,1000.0,9.0,1.205617596741619,3.851749327899014,92739.8151339707
72.0,92.0,1.5,1000.0,6.0,0.8439323177191334,5.754533770222067,61826.543422647126
71.0,91.0,1.5,1000.0,8.0,1.071823448810537,4.381298528613005,81430.08158104743
71.0,91.0,1.5,1000.0,7.0,0.9527319544982549,5.000677177821241,71251.3213834165
73.0,93.0,1.5,1000.0,9.0,1.220320250360419,3.8061568028252584,93870.78848926302
76.0,96.0,1.5,1000.0,5.0,0.758656926730092,6.575801523825416,54035.39364174444
73.0,93.0,1.5,1000.0,6.0,0.8542241752522934,5.68668731111114,62580.52565950868
72.0,92.0,1.5,1000.0,8.0,1.085055837067457,4.328875561462728,82435.39123019617
74.0,94.0,1.5,1000.0,9.0,1.2350229039792195,3.761625837009611,95001.76184455535
72.0,92.0,1.5,1000.0,7.0,0.9644940773932952,4.940920235629086,72130.96732642164
73.0,93.0,1.5,1000.0,8.0,1.098288225324377,4.277686113356023,83440.7008793449
75.0,95.0,1.5,1000.0,9.0,1.2497255575980197,3.718119960388922,96132.73519984767
77.0,97.0,1.5,1000.0,5.0,0.7674785189013721,6.5018991390330365,54663.7121724624
74.0,94.0,1.5,1000.0,6.0,0.8645160327854536,5.6204143663200306,63334.50789637023
73.0,93.0,1.5,1000.0,7.0,0.9762562002883353,4.882567584632415,73010.61326942679
76.0,96.0,1.5,1000.0,9.0,1.26442821121682,3.675604346363837,97263.70855514
74.0,94.0,1.5,1000.0,8.0,1.1115206135812976,4.227687368802967,84446.01052849364
75.0,95.0,1.5,1000.0,6.0,0.8748078903186137,5.5556610892465885,64088.490133231775
78.0,98.0,1.5,1000.0,5.0,0.7763001110726523,6.42963213498131,55292.03070318036
74.0,94.0,1.5,1000.0,7.0,0.9880183231833756,4.825570544054329,73890.25921243193
77.0,97.0,1.5,1000.0,9.0,1.27913086483562,3.634045720722713,98394.68191043232
75.0,95.0,1.5,1000.0,8.0,1.1247530018382177,4.1788384611427425,85451.32017764237
78.0,98.0,1.5,1000.0,9.0,1.2938335184544205,3.593412276523972,99525.65526572465
75.0,95.0,1.5,1000.0,7.0,0.9997804460784157,4.769882646075894,74769.90515543707
76.0,96.0,1.5,1000.0,6.0,0.885099747851774,5.492376050252713,64842.472370093325
79.0,99.0,1.5,1000.0,5.0,0.7851217032439324,6.35894706258096,55920.34923389831
76.0,96.0,1.5,1000.0,8.0,1.137985390095138,4.131100363487679,86456.6298267911
79.0,99.0,1.5,1000.0,9.0,1.3085361720732205,3.553673594489515,100656.62862101696
76.0,96.0,1.5,1000.0,7.0,1.011542568973456,4.7154595121600495,75649.55109844221
77.0,97.0,1.5,1000.0,8.0,1.151217778352058,4.08443578686982,87461.93947593984
77.0,97.0,1.5,1000.0,6.0,0.8953916053849341,5.430510103255288,65596.45460695488
77.0,97.0,1.5,1000.0,7.0,1.023304691868496,4.662258737532848,76529.19704144736
78.0,98.0,1.5,1000.0,6.0,0.9056834629180943,5.370016261009845,66350.43684381644
78.0,98.0,1.5,1000.0,7.0,1.0350668147635365,4.610239783204757,77408.84298445251
79.0,99.0,1.5,1000.0,6.0,0.9159753204512544,5.310849578436952,67104.41908067798
80.0,102.0,1.5,1000.0,9.0,1.471735627241903,3.473861809525021,113210.4328647618
80.0,100.0,1.5,1000.0,9.0,1.3232388256920207,3.514800568499565,101787.60197630929
74.0,94.0,1.5,1000.0,7.0,0.9880183231833756,4.825570544054329,73890.25921243193
80.0,108.0,1.5,1000.0,9.0,1.9348692162341101,3.355403924144981,148836.09355647003
80.0,103.0,1.5,1000.0,9.0,1.5470867270382542,3.453668394409194,119006.67131063495
80.0,102.0,1.5,1000.0,9.0,1.471735627241903,3.473861809525021,113210.4328647618
80.0,108.0,1.5,1000.0,9.0,1.9348692162341101,3.355403924144981,148836.09355647003
80.0,108.0,1.5,1000.0,9.0,1.9348692162341101,3.355403924144981,148836.09355647003
80.0,108.0,1.5,1000.0,9.0,1.9348692162341101,3.355403924144981,148836.09355647003
80.0,109.0,1.5,1000.0,9.0,2.0146311121161014,3.3362812751896014,154971.62400893093
80.0,100.0,1.5,1000.0,9.0,1.3232388256920207,3.514800568499565,101787.60197630929
80.0,110.0,1.5,1000.0,9.0,2.095128140679033,3.317331881291514,161163.70312915638
80.0,103.0,1.5,1000.0,9.0,1.5470867270382542,3.453668394409194,119006.67131063495
80.0,105.0,1.5,1000.0,9.0,1.699994324673777,3.413826439646732,130768.79420567513
73.0,93.0,1.5,1000.0,8.0,1.098288225324377,4.277686113356023,83440.7008793449
80.0,104.0,1.5,1000.0,9.0,1.6231729595155455,3.433657082072825,124859.45842427274
73.0,93.0,1.5,1000.0,6.0,0.8542241752522934,5.68668731111114,62580.52565950868
80.0,100.0,1.5,1000.0,9.0,1.3232388256920207,3.514800568499565,101787.60197630929
80.0,100.0,1.5,1000.0,9.0,1.3232388256920207,3.514800568499565,101787.60197630929
70.0,90.0,1.5,1000.0,9.0,1.1762122895040186,3.9462737455164696,90477.86842338604
80.0,110.0,1.5,1000.0,9.0,2.095128140679033,3.317331881291514,161163.70312915638
80.0,100.0,1.5,1000.0,4.0,0.6616194128460103,7.836567040551036,45238.93421169302
80.0,109.0,1.5,1000.0,9.0,2.0146311121161014,3.3362812751896014,154971.62400893093
78.0,98.0,1.5,1000.0,4.0,0.6469167592272103,8.010213905183011,44233.62456254429
80.0,100.0,1.5,1000.0,9.0,1.3232388256920207,3.514800568499565,101787.60197630929
80.0,101.0,1.5,1000.0,9.0,1.397119660126492,3.4942387385575473,107470.74308665324
71.0,91.0,1.5,1000.0,9.0,1.1909149431228185,3.8984416232813928,91608.84177867835
80.0,110.0,1.5,1000.0,9.0,2.095128140679033,3.317331881291514,161163.70312915638
80.0,104.0,1.5,1000.0,9.0,1.6231729595155455,3.433657082072825,124859.45842427274
75.0,95.0,1.5,1000.0,9.0,1.2497255575980197,3.718119960388922,96132.73519984767
80.0,101.0,1.5,1000.0,9.0,1.397119660126492,3.4942387385575473,107470.74308665324
80.0,101.0,1.5,1000.0,9.0,1.397119660126492,3.4942387385575473,107470.74308665324
75.0,95.0,1.5,1000.0,3.0,0.4998902230392078,10.984178936154574,32044.245066615887
80.0,100.0,1.5,1000.0,3.0,0.5292955302768083,10.392197029717638,33929.20065876977
80.0,100.0,1.5,1000.0,9.0,1.3232388256920207,3.514800568499565,101787.60197630929
80.0,104.0,1.5,1000.0,9.0,1.6231729595155455,3.433657082072825,124859.45842427274
80.0,109.0,1.5,1000.0,9.0,2.0146311121161014,3.3362812751896014,154971.62400893093
80.0,104.0,1.5,1000.0,9.0,1.6231729595155455,3.433657082072825,124859.45842427274
80.0,103.0,1.5,1000.0,9.0,1.5470867270382542,3.453668394409194,119006.67131063495
80.0,107.0,1.5,1000.0,9.0,1.8558424530330593,3.374701337938351,142757.11177177378
80.0,109.0,1.5,1000.0,9.0,2.0146311121161014,3.3362812751896014,154971.62400893093
80.0,103.0,1.5,1000.0,9.0,1.5470867270382542,3.453668394409194,119006.67131063495
80.0,102.0,1.5,1000.0,9.0,1.471735627241903,3.473861809525021,113210.4328647618
80.0,109.0,1.5,1000.0,9.0,2.0146311121161014,3.3362812751896014,154971.62400893093
80.0,101.0,1.5,1000.0,9.0,1.397119660126492,3.4942387385575473,107470.74308665324
80.0,104.0,1.5,1000.0,9.0,1.6231729595155455,3.433657082072825,124859.45842427274
80.0,101.0,1.5,1000.0,9.0,1.397119660126492,3.4942387385575473,107470.74308665324
80.0,104.0,1.5,1000.0,9.0,1.6231729595155455,3.433657082072825,124859.45842427274
71.0,91.0,1.5,1000.0,8.0,1.071823448810537,4.381298528613005,81430.08158104743
80.0,100.0,1.5,1000.0,9.0,1.3232388256920207,3.514800568499565,101787.60197630929
72.0,92.0,1.5,1000.0,9.0,1.205617596741619,3.851749327899014,92739.8151339707
80.0,102.0,1.5,1000.0,9.0,1.471735627241903,3.473861809525021,113210.4328647618
80.0,106.0,1.5,1000.0,9.0,1.777550822512948,3.394175014809138,136734.67865484217
80.0,108.0,1.5,1000.0,9.0,1.9348692162341101,3.355403924144981,148836.09355647003
80.0,102.0,1.5,1000.0,9.0,1.471735627241903,3.473861809525021,113210.4328647618
80.0,107.0,1.5,1000.0,9.0,1.8558424530330593,3.374701337938351,142757.11177177378
70.0,90.0,1.5,1000.0,4.0,0.5881061447520093,8.788789214010103,40212.385965949354
80.0,105.0,1.5,1000.0,9.0,1.699994324673777,3.413826439646732,130768.79420567513
80.0,105.0,1.5,1000.0,9.0,1.699994324673777,3.413826439646732,130768.79420567513
77.0,97.0,1.5,1000.0,8.0,1.151217778352058,4.08443578686982,87461.93947593984
80.0,104.0,1.5,1000.0,9.0,1.6231729595155455,3.433657082072825,124859.45842427274
80.0,102.0,1.5,1000.0,9.0,1.471735627241903,3.473861809525021,113210.4328647618
80.0,110.0,1.5,1000.0,9.0,2.095128140679033,3.317331881291514,161163.70312915638
78.0,98.0,1.5,1000.0,6.0,0.9056834629180943,5.370016261009845,66350.43684381644
80.0,106.0,1.5,1000.0,9.0,1.777550822512948,3.394175014809138,136734.67865484217
80.0,101.0,1.5,1000.0,9.0,1.397119660126492,3.4942387385575473,107470.74308665324
80.0,100.0,1.5,1000.0,9.0,1.3232388256920207,3.514800568499565,101787.60197630929
80.0,109.0,1.5,1000.0,9.0,2.0146311121161014,3.3362812751896014,154971.62400893093
80.0,103.0,1.5,1000.0,9.0,1.5470867270382542,3.453668394409194,119006.67131063495
80.0,102.0,1.5,1000.0,9.0,1.471735627241903,3.473861809525021,113210.4328647618
80.0,109.0,1.5,1000.0,9.0,2.0146311121161014,3.3362812751896014,154971.62400893093
80.0,108.0,1.5,1000.0,9.0,1.9348692162341101,3.355403924144981,148836.09355647003
72.0,92.0,1.5,1000.0,5.0,0.7233705580449714,6.888921616792741,51522.119518872605
70.0,90.0,1.5,1000.0,9.0,1.1762122895040186,3.9462737455164696,90477.86842338604
80.0,103.0,1.5,1000.0,9.0,1.5470867270382542,3.453668394409194,119006.67131063495
71.0,91.0,1.5,1000.0,7.0,0.9527319544982549,5.000677177821241,71251.3213834165
80.0,103.0,1.5,1000.0,9.0,1.5470867270382542,3.453668394409194,119006.67131063495
80.0,107.0,1.5,1000.0,9.0,1.8558424530330593,3.374701337938351,142757.11177177378
80.0,108.0,1.5,1000.0,9.0,1.9348692162341101,3.355403924144981,148836.09355647003
80.0,110.0,1.5,1000.0,9.0,2.095128140679033,3.317331881291514,161163.70312915638
80.0,104.0,1.5,1000.0,9.0,1.6231729595155455,3.433657082072825,124859.45842427274
80.0,104.0,1.5,1000.0,9.0,1.6231729595155455,3.433657082072825,124859.45842427274
80.0,100.0,1.5,1000.0,9.0,1.3232388256920207,3.514800568499565,101787.60197630929
80.0,101.0,1.5,1000.0,4.0,0.698559830063246,7.791136006518586,47764.77470517922
80.0,105.0,1.5,1000.0,9.0,1.699994324673777,3.413826439646732,130768.79420567513
80.0,102.0,1.5,1000.0,9.0,1.471735627241903,3.473861809525021,113210.4328647618
80.0,103.0,1.5,1000.0,9.0,1.5470867270382542,3.453668394409194,119006.67131063495
80.0,103.0,1.5,1000.0,9.0,1.5470867270382542,3.453668394409194,119006.67131063495
80.0,101.0,1.5,1000.0,9.0,1.397119660126492,3.4942387385575473,107470.74308665324
80.0,101.0,1.5,1000.0,9.0,1.397119660126492,3.4942387385575473,107470.74308665324
80.0,100.0,1.5,1000.0,9.0,1.3232388256920207,3.514800568499565,101787.60197630929
80.0,104.0,1.5,1000.0,9.0,1.6231729595155455,3.433657082072825,124859.45842427274
80.0,110.0,1.5,1000.0,9.0,2.095128140679033,3.317331881291514,161163.70312915638
80.0,106.0,1.5,1000.0,9.0,1.777550822512948,3.394175014809138,136734.67865484217
80.0,104.0,1.5,1000.0,9.0,1.6231729595155455,3.433657082072825,124859.45842427274
80.0,101.0,1.5,1000.0,9.0,1.397119660126492,3.4942387385575473,107470.74308665324
80.0,102.0,1.5,1000.0,9.0,1.471735627241903,3.473861809525021,113210.4328647618
80.0,109.0,1.5,1000.0,9.0,2.0146311121161014,3.3362812751896014,154971.62400893093
72.0,92.0,1.5,1000.0,8.0,1.085055837067457,4.328875561462728,82435.39123019617
80.0,101.0,1.5,1000.0,9.0,1.397119660126492,3.4942387385575473,107470.74308665324
80.0,100.0,1.5,1000.0,9.0,1.3232388256920207,3.514800568499565,101787.60197630929
80.0,101.0,1.5,1000.0,9.0,1.397119660126492,3.4942387385575473,107470.74308665324
80.0,100.0,1.5,1000.0,9.0,1.3232388256920207,3.514800568499565,101787.60197630929
80.0,103.0,1.5,1000.0,9.0,1.5470867270382542,3.453668394409194,119006.67131063495
80.0,109.0,1.5,1000.0,9.0,2.0146311121161014,3.3362812751896014,154971.62400893093
80.0,101.0,1.5,1000.0,9.0,1.397119660126492,3.4942387385575473,107470.74308665324
80.0,100.0,1.5,1000.0,9.0,1.3232388256920207,3.514800568499565,101787.60197630929
80.0,101.0,1.5,1000.0,9.0,1.397119660126492,3.4942387385575473,107470.74308665324
80.0,103.0,1.5,1000.0,9.0,1.5470867270382542,3.453668394409194,119006.67131063495
80.0,109.0,1.5,1000.0,9.0,2.0146311121161014,3.3362812751896014,154971.62400893093
80.0,103.0,1.5,1000.0,9.0,1.5470867270382542,3.453668394409194,119006.67131063495
80.0,102.0,1.5,1000.0,9.0,1.471735627241903,3.473861809525021,113210.4328647618
78.0,98.0,1.5,1000.0,6.0,0.9056834629180943,5.370016261009845,66350.43684381644
80.0,101.0,1.5,1000.0,9.0,1.397119660126492,3.4942387385575473,107470.74308665324
80.0,103.0,1.5,1000.0,9.0,1.5470867270382542,3.453668394409194,119006.67131063495
80.0,100.0,1.5,1000.0,9.0,1.3232388256920207,3.514800568499565,101787.60197630929
80.0,101.0,1.5,1000.0,9.0,1.397119660126492,3.4942387385575473,107470.74308665324
77.0,97.0,1.5,1000.0,9.0,1.27913086483562,3.634045720722713,98394.68191043232
80.0,104.0,1.5,1000.0,9.0,1.6231729595155455,3.433657082072825,124859.45842427274
80.0,106.0,1.5,1000.0,9.0,1.777550822512948,3.394175014809138,136734.67865484217
70.0,90.0,1.5,1000.0,8.0,1.0585910605536166,4.434999895981484,80424.77193189871
80.0,103.0,1.5,1000.0,9.0,1.5470867270382542,3.453668394409194,119006.67131063495
80.0,102.0,1.5,1000.0,9.0,1.471735627241903,3.473861809525021,113210.4328647618
73.0,93.0,1.5,1000.0,8.0,1.098288225324377,4.277686113356023,83440.7008793449
80.0,100.0,1.5,1000.0,5.0,0.7939432954152124,6.289792766247159,56548.66776461627
73.0,93.0,1.5,1000.0,5.0,0.7321921502162515,6.807892633385585,52150.438049590564
80.0,100.0,1.5,1000.0,9.0,1.3232388256920207,3.514800568499565,101787.60197630929
80.0,101.0,1.5,1000.0,9.0,1.397119660126492,3.4942387385575473,107470.74308665324
80.0,103.0,1.5,1000.0,9.0,1.5470867270382542,3.453668394409194,119006.67131063495
80.0,104.0,1.5,1000.0,9.0,1.6231729595155455,3.433657082072825,124859.45842427274
80.0,107.0,1.5,1000.0,9.0,1.8558424530330593,3.374701337938351,142757.11177177378
80.0,104.0,1.5,1000.0,9.0,1.6231729595155455,3.433657082072825,124859.45842427274
80.0,107.0,1.5,1000.0,9.0,1.8558424530330593,3.374701337938351,142757.11177177378
80.0,108.0,1.5,1000.0,9.0,1.9348692162341101,3.355403924144981,148836.09355647003
80.0,102.0,1.5,1000.0,9.0,1.471735627241903,3.473861809525021,113210.4328647618
80.0,101.0,1.5,1000.0,9.0,1.397119660126492,3.4942387385575473,107470.74308665324
80.0,107.0,1.5,1000.0,9.0,1.8558424530330593,3.374701337938351,142757.11177177378
80.0,104.0,1.5,1000.0,9.0,1.6231729595155455,3.433657082072825,124859.45842427274
77.0,97.0,1.5,1000.0,9.0,1.27913086483562,3.634045720722713,98394.68191043232
80.0,101.0,1.5,1000.0,9.0,1.397119660126492,3.4942387385575473,107470.74308665324
80.0,100.0,1.5,1000.0,9.0,1.3232388256920207,3.514800568499565,101787.60197630929
80.0,101.0,1.5,1000.0,9.0,1.397119660126492,3.4942387385575473,107470.74308665324
80.0,103.0,1.5,1000.0,9.0,1.5470867270382542,3.453668394409194,119006.67131063495
80.0,101.0,1.5,1000.0,9.0,1.397119660126492,3.4942387385575473,107470.74308665324
80.0,101.0,1.5,1000.0,9.0,1.397119660126492,3.4942387385575473,107470.74308665324
80.0,103.0,1.5,1000.0,9.0,1.5470867270382542,3.453668394409194,119006.67131063495
80.0,105.0,1.5,1000.0,9.0,1.699994324673777,3.413826439646732,130768.79420567513
79.0,99.0,1.5,1000.0,9.0,1.3085361720732205,3.553673594489515,100656.62862101696
80.0,102.0,1.5,1000.0,9.0,1.471735627241903,3.473861809525021,113210.4328647618
80.0,108.0,1.5,1000.0,9.0,1.9348692162341101,3.355403924144981,148836.09355647003
75.0,95.0,1.5,1000.0,5.0,0.7498353345588117,6.651395161239203,53407.07511102648
76.0,96.0,1.5,1000.0,9.0,1.26442821121682,3.675604346363837,97263.70855514
80.0,105.0,1.5,1000.0,9.0,1.699994324673777,3.413826439646732,130768.79420567513
80.0,100.0,1.5,1000.0,9.0,1.3232388256920207,3.514800568499565,101787.60197630929
80.0,103.0,1.5,1000.0,9.0,1.5470867270382542,3.453668394409194,119006.67131063495
70.0,90.0,1.5,1000.0,9.0,1.1762122895040186,3.9462737455164696,90477.86842338604
80.0,102.0,1.5,1000.0,9.0,1.471735627241903,3.473861809525021,113210.4328647618
80.0,100.0,1.5,1000.0,9.0,1.3232388256920207,3.514800568499565,101787.60197630929
80.0,105.0,1.5,1000.0,9.0,1.699994324673777,3.413826439646732,130768.79420567513
80.0,104.0,1.5,1000.0,9.0,1.6231729595155455,3.433657082072825,124859.45842427274
80.0,102.0,1.5,1000.0,9.0,1.471735627241903,3.473861809525021,113210.4328647618
80.0,104.0,1.5,1000.0,9.0,1.6231729595155455,3.433657082072825,124859.45842427274
80.0,100.0,1.5,1000.0,9.0,1.3232388256920207,3.514800568499565,101787.60197630929
80.0,101.0,1.5,1000.0,9.0,1.397119660126492,3.4942387385575473,107470.74308665324
80.0,103.0,1.5,1000.0,9.0,1.5470867270382542,3.453668394409194,119006.67131063495
80.0,100.0,1.5,1000.0,4.0,0.6616194128460103,7.836567040551036,45238.93421169302
80.0,101.0,1.5,1000.0,9.0,1.397119660126492,3.4942387385575473,107470.74308665324
77.0,97.0,1.5,1000.0,8.0,1.151217778352058,4.08443578686982,87461.93947593984
76.0,96.0,1.5,1000.0,6.0,0.885099747851774,5.492376050252713,64842.472370093325
80.0,101.0,1.5,1000.0,9.0,1.397119660126492,3.4942387385575473,107470.74308665324
79.0,99.0,1.5,1000.0,7.0,1.0468289376585764,4.559363874967249,78288.48892745764
71.0,91.0,1.5,1000.0,6.0,0.833640460185973,5.824010150031013,61072.56118578557
80.0,100.0,1.5,1000.0,9.0,1.3232388256920207,3.514800568499565,101787.60197630929
80.0,101.0,1.5,1000.0,9.0,1.397119660126492,3.4942387385575473,107470.74308665324
80.0,110.0,1.5,1000.0,9.0,2.095128140679033,3.317331881291514,161163.70312915638
80.0,104.0,1.5,1000.0,9.0,1.6231729595155455,3.433657082072825,124859.45842427274
80.0,104.0,1.5,1000.0,9.0,1.6231729595155455,3.433657082072825,124859.45842427274
80.0,104.0,1.5,1000.0,9.0,1.6231729595155455,3.433657082072825,124859.45842427274
80.0,103.0,1.5,1000.0,9.0,1.5470867270382542,3.453668394409194,119006.67131063495
80.0,103.0,1.5,1000.0,9.0,1.5470867270382542,3.453668394409194,119006.67131063495
80.0,104.0,1.5,1000.0,9.0,1.6231729595155455,3.433657082072825,124859.45842427274
80.0,101.0,1.5,1000.0,3.0,0.5588478640505967,10.332274443151492,35823.581028884415
80.0,102.0,1.5,1000.0,9.0,1.471735627241903,3.473861809525021,113210.4328647618
80.0,103.0,1.5,1000.0,9.0,1.5470867270382542,3.453668394409194,119006.67131063495
80.0,102.0,1.5,1000.0,9.0,1.471735627241903,3.473861809525021,113210.4328647618
80.0,106.0,1.5,1000.0,9.0,1.777550822512948,3.394175014809138,136734.67865484217
80.0,105.0,1.5,1000.0,9.0,1.699994324673777,3.413826439646732,130768.79420567513
80.0,100.0,1.5,1000.0,9.0,1.3232388256920207,3.514800568499565,101787.60197630929
80.0,104.0,1.5,1000.0,9.0,1.6231729595155455,3.433657082072825,124859.45842427274
80.0,105.0,1.5,1000.0,9.0,1.699994324673777,3.413826439646732,130768.79420567513
80.0,101.0,1.5,1000.0,9.0,1.397119660126492,3.4942387385575473,107470.74308665324
80.0,103.0,1.5,1000.0,9.0,1.5470867270382542,3.453668394409194,119006.67131063495
80.0,110.0,1.5,1000.0,9.0,2.095128140679033,3.317331881291514,161163.70312915638
80.0,107.0,1.5,1000.0,9.0,1.8558424530330593,3.374701337938351,142757.11177177378
80.0,101.0,1.5,1000.0,9.0,1.397119660126492,3.4942387385575473,107470.74308665324
80.0,103.0,1.5,1000.0,9.0,1.5470867270382542,3.453668394409194,119006.67131063495
80.0,105.0,1.5,1000.0,9.0,1.699994324673777,3.413826439646732,130768.79420567513
80.0,100.0,1.5,1000.0,6.0,0.9262671779844145,5.2529670433959845,67858.40131753954
80.0,100.0,1.5,1000.0,3.0,0.5292955302768083,10.392197029717638,33929.20065876977
80.0,106.0,1.5,1000.0,9.0,1.777550822512948,3.394175014809138,136734.67865484217
80.0,106.0,1.5,1000.0,9.0,1.777550822512948,3.394175014809138,136734.67865484217
80.0,101.0,1.5,1000.0,9.0,1.397119660126492,3.4942387385575473,107470.74308665324
80.0,103.0,1.5,1000.0,9.0,1.5470867270382542,3.453668394409194,119006.67131063495
80.0,108.0,1.5,1000.0,9.0,1.9348692162341101,3.355403924144981,148836.09355647003
80.0,102.0,1.5,1000.0,9.0,1.471735627241903,3.473861809525021,113210.4328647618
80.0,103.0,1.5,1000.0,9.0,1.5470867270382542,3.453668394409194,119006.67131063495
80.0,101.0,1.5,1000.0,9.0,1.397119660126492,3.4942387385575473,107470.74308665324
80.0,106.0,1.5,1000.0,9.0,1.777550822512948,3.394175014809138,136734.67865484217
80.0,104.0,1.5,1000.0,9.0,1.6231729595155455,3.433657082072825,124859.45842427274
70.0,90.0,1.5,1000.0,7.0,0.9409698316032148,5.061889437452429,70371.67544041137
80.0,100.0,1.5,1000.0,9.0,1.3232388256920207,3.514800568499565,101787.60197630929
80.0,102.0,1.5,1000.0,9.0,1.471735627241903,3.473861809525021,113210.4328647618
80.0,105.0,1.5,1000.0,9.0,1.699994324673777,3.413826439646732,130768.79420567513
80.0,103.0,1.5,1000.0,9.0,1.5470867270382542,3.453668394409194,119006.67131063495
80.0,106.0,1.5,1000.0,9.0,1.777550822512948,3.394175014809138,136734.67865484217
80.0,109.0,1.5,1000.0,9.0,2.0146311121161014,3.3362812751896014,154971.62400893093
80.0,101.0,1.5,1000.0,9.0,1.397119660126492,3.4942387385575473,107470.74308665324
80.0,100.0,1.5,1000.0,9.0,1.3232388256920207,3.514800568499565,101787.60197630929
80.0,105.0,1.5,1000.0,9.0,1.699994324673777,3.413826439646732,130768.79420567513
80.0,103.0,1.5,1000.0,9.0,1.5470867270382542,3.453668394409194,119006.67131063495
80.0,102.0,1.5,1000.0,9.0,1.471735627241903,3.473861809525021,113210.4328647618
70.0,90.0,1.5,1000.0,9.0,1.1762122895040186,3.9462737455164696,90477.86842338604
76.0,96.0,1.5,1000.0,7.0,1.011542568973456,4.7154595121600495,75649.55109844221
80.0,107.0,1.5,1000.0,9.0,1.8558424530330593,3.374701337938351,142757.11177177378
80.0,106.0,1.5,1000.0,9.0,1.777550822512948,3.394175014809138,136734.67865484217
71.0,91.0,1.5,1000.0,4.0,0.5954574715614093,8.683332467888404,40715.040790523715
80.0,108.0,1.5,1000.0,9.0,1.9348692162341101,3.355403924144981,148836.09355647003
72.0,92.0,1.5,1000.0,5.0,0.7233705580449714,6.888921616792741,51522.119518872605
80.0,101.0,1.5,1000.0,9.0,1.397119660126492,3.4942387385575473,107470.74308665324
80.0,107.0,1.5,1000.0,9.0,1.8558424530330593,3.374701337938351,142757.11177177378
80.0,103.0,1.5,1000.0,9.0,1.5470867270382542,3.453668394409194,119006.67131063495
80.0,106.0,1.5,1000.0,9.0,1.777550822512948,3.394175014809138,136734.67865484217
80.0,103.0,1.5,1000.0,9.0,1.5470867270382542,3.453668394409194,119006.67131063495
80.0,106.0,1.5,1000.0,9.0,1.777550822512948,3.394175014809138,136734.67865484217
80.0,109.0,1.5,1000.0,9.0,2.0146311121161014,3.3362812751896014,154971.62400893093
80.0,106.0,1.5,1000.0,9.0,1.777550822512948,3.394175014809138,136734.67865484217
80.0,100.0,1.5,1000.0,9.0,1.3232388256920207,3.514800568499565,101787.60197630929
80.0,102.0,1.5,1000.0,9.0,1.471735627241903,3.473861809525021,113210.4328647618
80.0,102.0,1.5,1000.0,9.0,1.471735627241903,3.473861809525021,113210.4328647618
80.0,109.0,1.5,1000.0,9.0,2.0146311121161014,3.3362812751896014,154971.62400893093
70.0,90.0,1.5,1000.0,4.0,0.5881061447520093,8.788789214010103,40212.385965949354
80.0,101.0,1.5,1000.0,4.0,0.698559830063246,7.791136006518586,47764.77470517922
74.0,94.0,1.5,1000.0,7.0,0.9880183231833756,4.825570544054329,73890.25921243193
80.0,104.0,1.5,1000.0,9.0,1.6231729595155455,3.433657082072825,124859.45842427274
80.0,105.0,1.5,1000.0,9.0,1.699994324673777,3.413826439646732,130768.79420567513
80.0,108.0,1.5,1000.0,9.0,1.9348692162341101,3.355403924144981,148836.09355647003
80.0,106.0,1.5,1000.0,9.0,1.777550822512948,3.394175014809138,136734.67865484217
80.0,102.0,1.5,1000.0,9.0,1.471735627241903,3.473861809525021,113210.4328647618
80.0,107.0,1.5,1000.0,9.0,1.8558424530330593,3.374701337938351,142757.11177177378
80.0,101.0,1.5,1000.0,9.0,1.397119660126492,3.4942387385575473,107470.74308665324
80.0,105.0,1.5,1000.0,9.0,1.699994324673777,3.413826439646732,130768.79420567513
80.0,104.0,1.5,1000.0,9.0,1.6231729595155455,3.433657082072825,124859.45842427274
80.0,102.0,1.5,1000.0,9.0,1.471735627241903,3.473861809525021,113210.4328647618
80.0,100.0,1.5,1000.0,5.0,0.7939432954152124,6.289792766247159,56548.66776461627
80.0,102.0,1.5,1000.0,9.0,1.471735627241903,3.473861809525021,113210.4328647618
80.0,102.0,1.5,1000.0,9.0,1.471735627241903,3.473861809525021,113210.4328647618
80.0,102.0,1.5,1000.0,9.0,1.471735627241903,3.473861809525021,113210.4328647618
80.0,108.0,1.5,1000.0,9.0,1.9348692162341101,3.355403924144981,148836.09355647003
80.0,101.0,1.5,1000.0,3.0,0.5588478640505967,10.332274443151492,35823.581028884415
76.0,96.0,1.5,1000.0,7.0,1.011542568973456,4.7154595121600495,75649.55109844221
80.0,110.0,1.5,1000.0,9.0,2.095128140679033,3.317331881291514,161163.70312915638
80.0,110.0,1.5,1000.0,9.0,2.095128140679033,3.317331881291514,161163.70312915638
80.0,108.0,1.5,1000.0,9.0,1.9348692162341101,3.355403924144981,148836.09355647003
80.0,108.0,1.5,1000.0,9.0,1.9348692162341101,3.355403924144981,148836.09355647003
80.0,101.0,1.5,1000.0,9.0,1.397119660126492,3.4942387385575473,107470.74308665324
80.0,102.0,1.5,1000.0,9.0,1.471735627241903,3.473861809525021,113210.4328647618
80.0,105.0,1.5,1000.0,9.0,1.699994324673777,3.413826439646732,130768.79420567513
80.0,100.0,1.5,1000.0,6.0,0.9262671779844145,5.2529670433959845,67858.40131753954
80.0,101.0,1.5,1000.0,9.0,1.397119660126492,3.4942387385575473,107470.74308665324
80.0,110.0,1.5,1000.0,9.0,2.095128140679033,3.317331881291514,161163.70312915638
80.0,109.0,1.5,1000.0,9.0,2.0146311121161014,3.3362812751896014,154971.62400893093
80.0,103.0,1.5,1000.0,9.0,1.5470867270382542,3.453668394409194,119006.67131063495
80.0,103.0,1.5,1000.0,9.0,1.5470867270382542,3.453668394409194,119006.67131063495
77.0,97.0,1.5,1000.0,6.0,0.8953916053849341,5.430510103255288,65596.45460695488
72.0,92.0,1.5,1000.0,7.0,0.9644940773932952,4.940920235629086,72130.96732642164
80.0,102.0,1.5,1000.0,9.0,1.471735627241903,3.473861809525021,113210.4328647618
80.0,106.0,1.5,1000.0,9.0,1.777550822512948,3.394175014809138,136734.67865484217
70.0,90.0,1.5,1000.0,8.0,1.0585910605536166,4.434999895981484,80424.77193189871
80.0,108.0,1.5,1000.0,9.0,1.9348692162341101,3.355403924144981,148836.09355647003
80.0,106.0,1.5,1000.0,9.0,1.777550822512948,3.394175014809138,136734.67865484217
79.0,99.0,1.5,1000.0,5.0,0.7851217032439324,6.35894706258096,55920.34923389831
80.0,100.0,1.5,1000.0,9.0,1.3232388256920207,3.514800568499565,101787.60197630929
80.0,105.0,1.5,1000.0,9.0,1.699994324673777,3.413826439646732,130768.79420567513
73.0,93.0,1.5,1000.0,4.0,0.6101601251802095,8.479796163547105,41720.35043967245
80.0,106.0,1.5,1000.0,9.0,1.777550822512948,3.394175014809138,136734.67865484217
80.0,110.0,1.5,1000.0,9.0,2.095128140679033,3.317331881291514,161163.70312915638
80.0,103.0,1.5,1000.0,9.0,1.5470867270382542,3.453668394409194,119006.67131063495
80.0,110.0,1.5,1000.0,9.0,2.095128140679033,3.317331881291514,161163.70312915638
76.0,96.0,1.5,1000.0,9.0,1.26442821121682,3.675604346363837,97263.70855514
80.0,106.0,1.5,1000.0,9.0,1.777550822512948,3.394175014809138,136734.67865484217
70.0,90.0,1.5,1000.0,8.0,1.0585910605536166,4.434999895981484,80424.77193189871
80.0,104.0,1.5,1000.0,9.0,1.6231729595155455,3.433657082072825,124859.45842427274
80.0,103.0,1.5,1000.0,9.0,1.5470867270382542,3.453668394409194,119006.67131063495
80.0,109.0,1.5,1000.0,9.0,2.0146311121161014,3.3362812751896014,154971.62400893093
80.0,102.0,1.5,1000.0,9.0,1.471735627241903,3.473861809525021,113210.4328647618
80.0,103.0,1.5,1000.0,9.0,1.5470867270382542,3.453668394409194,119006.67131063495
80.0,108.0,1.5,1000.0,9.0,1.9348692162341101,3.355403924144981,148836.09355647003
80.0,106.0,1.5,1000.0,9.0,1.777550822512948,3.394175014809138,136734.67865484217
80.0,104.0,1.5,1000.0,9.0,1.6231729595155455,3.433657082072825,124859.45842427274
80.0,108.0,1.5,1000.0,9.0,1.9348692162341101,3.355403924144981,148836.09355647003
80.0,109.0,1.5,1000.0,9.0,2.0146311121161014,3.3362812751896014,154971.62400893093
80.0,103.0,1.5,1000.0,9.0,1.5470867270382542,3.453668394409194,119006.67131063495
80.0,105.0,1.5,1000.0,9.0,1.699994324673777,3.413826439646732,130768.79420567513
80.0,110.0,1.5,1000.0,9.0,2.095128140679033,3.317331881291514,161163.70312915638
80.0,107.0,1.5,1000.0,9.0,1.8558424530330593,3.374701337938351,142757.11177177378
80.0,101.0,1.5,1000.0,9.0,1.397119660126492,3.4942387385575473,107470.74308665324
80.0,104.0,1.5,1000.0,9.0,1.6231729595155455,3.433657082072825,124859.45842427274
80.0,103.0,1.5,1000.0,9.0,1.5470867270382542,3.453668394409194,119006.67131063495
80.0,101.0,1.5,1000.0,9.0,1.397119660126492,3.4942387385575473,107470.74308665324
79.0,99.0,1.5,1000.0,9.0,1.3085361720732205,3.553673594489515,100656.62862101696
80.0,101.0,1.5,1000.0,9.0,1.397119660126492,3.4942387385575473,107470.74308665324
77.0,97.0,1.5,1000.0,3.0,0.511652345934248,10.739509371331218,32798.22730347744
80.0,101.0,1.5,1000.0,9.0,1.397119660126492,3.4942387385575473,107470.74308665324
80.0,109.0,1.5,1000.0,9.0,2.0146311121161014,3.3362812751896014,154971.62400893093
80.0,100.0,1.5,1000.0,9.0,1.3232388256920207,3.514800568499565,101787.60197630929
80.0,105.0,1.5,1000.0,9.0,1.699994324673777,3.413826439646732,130768.79420567513
80.0,103.0,1.5,1000.0,9.0,1.5470867270382542,3.453668394409194,119006.67131063495
80.0,101.0,1.5,1000.0,9.0,1.397119660126492,3.4942387385575473,107470.74308665324
74.0,94.0,1.5,1000.0,7.0,0.9880183231833756,4.825570544054329,73890.25921243193
80.0,103.0,1.5,1000.0,9.0,1.5470867270382542,3.453668394409194,119006.67131063495
80.0,102.0,1.5,1000.0,9.0,1.471735627241903,3.473861809525021,113210.4328647618
80.0,100.0,1.5,1000.0,9.0,1.3232388256920207,3.514800568499565,101787.60197630929
80.0,107.0,1.5,1000.0,9.0,1.8558424530330593,3.374701337938351,142757.11177177378
80.0,103.0,1.5,1000.0,9.0,1.5470867270382542,3.453668394409194,119006.67131063495
80.0,101.0,1.5,1000.0,9.0,1.397119660126492,3.4942387385575473,107470.74308665324
80.0,108.0,1.5,1000.0,9.0,1.9348692162341101,3.355403924144981,148836.09355647003
80.0,101.0,1.5,1000.0,9.0,1.397119660126492,3.4942387385575473,107470.74308665324
80.0,105.0,1.5,1000.0,9.0,1.699994324673777,3.413826439646732,130768.79420567513
80.0,104.0,1.5,1000.0,9.0,1.6231729595155455,3.433657082072825,124859.45842427274
80.0,109.0,1.5,1000.0,9.0,2.0146311121161014,3.3362812751896014,154971.62400893093
80.0,101.0,1.5,1000.0,9.0,1.397119660126492,3.4942387385575473,107470.74308665324
76.0,96.0,1.5,1000.0,9.0,1.26442821121682,3.675604346363837,97263.70855514
80.0,108.0,1.5,1000.0,9.0,1.9348692162341101,3.355403924144981,148836.09355647003
80.0,107.0,1.5,1000.0,9.0,1.8558424530330593,3.374701337938351,142757.11177177378
80.0,110.0,1.5,1000.0,9.0,2.095128140679033,3.317331881291514,161163.70312915638
80.0,100.0,1.5,1000.0,4.0,0.6616194128460103,7.836567040551036,45238.93421169302
80.0,103.0,1.5,1000.0,9.0,1.5470867270382542,3.453668394409194,119006.67131063495
80.0,103.0,1.5,1000.0,9.0,1.5470867270382542,3.453668394409194,119006.67131063495
80.0,105.0,1.5,1000.0,9.0,1.699994324673777,3.413826439646732,130768.79420567513
80.0,109.0,1.5,1000.0,9.0,2.0146311121161014,3.3362812751896014,154971.62400893093
80.0,101.0,1.5,1000.0,9.0,1.397119660126492,3.4942387385575473,107470.74308665324
80.0,104.0,1.5,1000.0,9.0,1.6231729595155455,3.433657082072825,124859.45842427274
80.0,109.0,1.5,1000.0,9.0,2.0146311121161014,3.3362812751896014,154971.62400893093
80.0,100.0,1.5,1000.0,9.0,1.3232388256920207,3.514800568499565,101787.60197630929
80.0,101.0,1.5,1000.0,9.0,1.397119660126492,3.4942387385575473,107470.74308665324
80.0,101.0,1.5,1000.0,4.0,0.698559830063246,7.791136006518586,47764.77470517922
80.0,110.0,1.5,1000.0,9.0,2.095128140679033,3.317331881291514,161163.70312915638
80.0,101.0,1.5,1000.0,9.0,1.397119660126492,3.4942387385575473,107470.74308665324
80.0,110.0,1.5,1000.0,9.0,2.095128140679033,3.317331881291514,161163.70312915638
80.0,105.0,1.5,1000.0,9.0,1.699994324673777,3.413826439646732,130768.79420567513
80.0,100.0,1.5,1000.0,9.0,1.3232388256920207,3.514800568499565,101787.60197630929
80.0,106.0,1.5,1000.0,9.0,1.777550822512948,3.394175014809138,136734.67865484217
80.0,105.0,1.5,1000.0,9.0,1.699994324673777,3.413826439646732,130768.79420567513
80.0,100.0,1.5,1000.0,9.0,1.3232388256920207,3.514800568499565,101787.60197630929
80.0,105.0,1.5,1000.0,9.0,1.699994324673777,3.413826439646732,130768.79420567513
80.0,102.0,1.5,1000.0,9.0,1.471735627241903,3.473861809525021,113210.4328647618
70.0,90.0,1.5,1000.0,8.0,1.0585910605536166,4.434999895981484,80424.77193189871
80.0,105.0,1.5,1000.0,9.0,1.699994324673777,3.413826439646732,130768.79420567513
80.0,101.0,1.5,1000.0,9.0,1.397119660126492,3.4942387385575473,107470.74308665324
80.0,110.0,1.5,1000.0,9.0,2.095128140679033,3.317331881291514,161163.70312915638
80.0,103.0,1.5,1000.0,9.0,1.5470867270382542,3.453668394409194,119006.67131063495
80.0,101.0,1.5,1000.0,9.0,1.397119660126492,3.4942387385575473,107470.74308665324
80.0,107.0,1.5,1000.0,9.0,1.8558424530330593,3.374701337938351,142757.11177177378
80.0,102.0,1.5,1000.0,9.0,1.471735627241903,3.473861809525021,113210.4328647618
80.0,105.0,1.5,1000.0,9.0,1.699994324673777,3.413826439646732,130768.79420567513
80.0,104.0,1.5,1000.0,9.0,1.6231729595155455,3.433657082072825,124859.45842427274
80.0,109.0,1.5,1000.0,9.0,2.0146311121161014,3.3362812751896014,154971.62400893093
80.0,101.0,1.5,1000.0,3.0,0.5588478640505967,10.332274443151492,35823.581028884415
80.0,100.0,1.5,1000.0,9.0,1.3232388256920207,3.514800568499565,101787.60197630929
80.0,102.0,1.5,1000.0,9.0,1.471735627241903,3.473861809525021,113210.4328647618
74.0,94.0,1.5,1000.0,7.0,0.9880183231833756,4.825570544054329,73890.25921243193
80.0,103.0,1.5,1000.0,9.0,1.5470867270382542,3.453668394409194,119006.67131063495
80.0,110.0,1.5,1000.0,9.0,2.095128140679033,3.317331881291514,161163.70312915638
80.0,106.0,1.5,1000.0,9.0,1.777550822512948,3.394175014809138,136734.67865484217
72.0,92.0,1.5,1000.0,4.0,0.6028087983708095,8.580363637717387,41217.695615098084
77.0,97.0,1.5,1000.0,7.0,1.023304691868496,4.662258737532848,76529.19704144736
80.0,108.0,1.5,1000.0,9.0,1.9348692162341101,3.355403924144981,148836.09355647003
80.0,100.0,1.5,1000.0,9.0,1.3232388256920207,3.514800568499565,101787.60197630929
75.0,95.0,1.5,1000.0,5.0,0.7498353345588117,6.651395161239203,53407.07511102648
80.0,102.0,1.5,1000.0,9.0,1.471735627241903,3.473861809525021,113210.4328647618
80.0,106.0,1.5,1000.0,9.0,1.777550822512948,3.394175014809138,136734.67865484217
78.0,98.0,1.5,1000.0,6.0,0.9056834629180943,5.370016261009845,66350.43684381644
80.0,101.0,1.5,1000.0,9.0,1.397119660126492,3.4942387385575473,107470.74308665324
80.0,107.0,1.5,1000.0,9.0,1.8558424530330593,3.374701337938351,142757.11177177378
80.0,103.0,1.5,1000.0,9.0,1.5470867270382542,3.453668394409194,119006.67131063495
80.0,107.0,1.5,1000.0,9.0,1.8558424530330593,3.374701337938351,142757.11177177378
80.0,103.0,1.5,1000.0,9.0,1.5470867270382542,3.453668394409194,119006.67131063495
70.0,90.0,1.5,1000.0,8.0,1.0585910605536166,4.434999895981484,80424.77193189871
80.0,109.0,1.5,1000.0,9.0,2.0146311121161014,3.3362812751896014,154971.62400893093
80.0,103.0,1.5,1000.0,9.0,1.5470867270382542,3.453668394409194,119006.67131063495
72.0,92.0,1.5,1000.0,9.0,1.205617596741619,3.851749327899014,92739.8151339707
80.0,103.0,1.5,1000.0,9.0,1.5470867270382542,3.453668394409194,119006.67131063495
80.0,106.0,1.5,1000.0,9.0,1.777550822512948,3.394175014809138,136734.67865484217
80.0,101.0,1.5,1000.0,9.0,1.397119660126492,3.4942387385575473,107470.74308665324
80.0,105.0,1.5,1000.0,9.0,1.699994324673777,3.413826439646732,130768.79420567513
80.0,101.0,1.5,1000.0,9.0,1.397119660126492,3.4942387385575473,107470.74308665324
80.0,102.0,1.5,1000.0,9.0,1.471735627241903,3.473861809525021,113210.4328647618
80.0,101.0,1.5,1000.0,9.0,1.397119660126492,3.4942387385575473,107470.74308665324
80.0,100.0,1.5,1000.0,9.0,1.3232388256920207,3.514800568499565,101787.60197630929
80.0,106.0,1.5,1000.0,9.0,1.777550822512948,3.394175014809138,136734.67865484217
80.0,100.0,1.5,1000.0,9.0,1.3232388256920207,3.514800568499565,101787.60197630929
78.0,98.0,1.5,1000.0,9.0,1.2938335184544205,3.593412276523972,99525.65526572465
80.0,102.0,1.5,1000.0,9.0,1.471735627241903,3.473861809525021,113210.4328647618
80.0,101.0,1.5,1000.0,9.0,1.397119660126492,3.4942387385575473,107470.74308665324
80.0,102.0,1.5,1000.0,9.0,1.471735627241903,3.473861809525021,113210.4328647618
80.0,103.0,1.5,1000.0,9.0,1.5470867270382542,3.453668394409194,119006.67131063495
80.0,103.0,1.5,1000.0,9.0,1.5470867270382542,3.453668394409194,119006.67131063495
80.0,106.0,1.5,1000.0,9.0,1.777550822512948,3.394175014809138,136734.67865484217
80.0,106.0,1.5,1000.0,9.0,1.777550822512948,3.394175014809138,136734.67865484217
71.0,91.0,1.5,1000.0,7.0,0.9527319544982549,5.000677177821241,71251.3213834165
80.0,105.0,1.5,1000.0,9.0,1.699994324673777,3.413826439646732,130768.79420567513
80.0,101.0,1.5,1000.0,9.0,1.397119660126492,3.4942387385575473,107470.74308665324
80.0,103.0,1.5,1000.0,9.0,1.5470867270382542,3.453668394409194,119006.67131063495
80.0,100.0,1.5,1000.0,9.0,1.3232388256920207,3.514800568499565,101787.60197630929
80.0,101.0,1.5,1000.0,9.0,1.397119660126492,3.4942387385575473,107470.74308665324
78.0,98.0,1.5,1000.0,9.0,1.2938335184544205,3.593412276523972,99525.65526572465
80.0,108.0,1.5,1000.0,9.0,1.9348692162341101,3.355403924144981,148836.09355647003
80.0,109.0,1.5,1000.0,9.0,2.0146311121161014,3.3362812751896014,154971.62400893093
80.0,103.0,1.5,1000.0,9.0,1.5470867270382542,3.453668394409194,119006.67131063495
80.0,106.0,1.5,1000.0,9.0,1.777550822512948,3.394175014809138,136734.67865484217
80.0,100.0,1.5,1000.0,9.0,1.3232388256920207,3.514800568499565,101787.60197630929
80.0,101.0,1.5,1000.0,9.0,1.397119660126492,3.4942387385575473,107470.74308665324
80.0,108.0,1.5,1000.0,9.0,1.9348692162341101,3.355403924144981,148836.09355647003
80.0,105.0,1.5,1000.0,9.0,1.699994324673777,3.413826439646732,130768.79420567513
80.0,110.0,1.5,1000.0,9.0,2.095128140679033,3.317331881291514,161163.70312915638
80.0,105.0,1.5,1000.0,9.0,1.699994324673777,3.413826439646732,130768.79420567513
80.0,110.0,1.5,1000.0,9.0,2.095128140679033,3.317331881291514,161163.70312915638
80.0,101.0,1.5,1000.0,9.0,1.397119660126492,3.4942387385575473,107470.74308665324
80.0,101.0,1.5,1000.0,4.0,0.698559830063246,7.791136006518586,47764.77470517922
80.0,105.0,1.5,1000.0,9.0,1.699994324673777,3.413826439646732,130768.79420567513
78.0,98.0,1.5,1000.0,8.0,1.1644501666089784,4.038809085044251,88467.24912508858
71.0,91.0,1.5,1000.0,6.0,0.833640460185973,5.824010150031013,61072.56118578557
80.0,105.0,1.5,1000.0,9.0,1.699994324673777,3.413826439646732,130768.79420567513
80.0,104.0,1.5,1000.0,9.0,1.6231729595155455,3.433657082072825,124859.45842427274
80.0,105.0,1.5,1000.0,9.0,1.699994324673777,3.413826439646732,130768.79420567513
80.0,110.0,1.5,1000.0,9.0,2.095128140679033,3.317331881291514,161163.70312915638
80.0,103.0,1.5,1000.0,9.0,1.5470867270382542,3.453668394409194,119006.67131063495
80.0,106.0,1.5,1000.0,9.0,1.777550822512948,3.394175014809138,136734.67865484217
80.0,106.0,1.5,1000.0,9.0,1.777550822512948,3.394175014809138,136734.67865484217
80.0,102.0,1.5,1000.0,9.0,1.471735627241903,3.473861809525021,113210.4328647618
80.0,102.0,1.5,1000.0,9.0,1.471735627241903,3.473861809525021,113210.4328647618
80.0,110.0,1.5,1000.0,9.0,2.095128140679033,3.317331881291514,161163.70312915638
80.0,100.0,1.5,1000.0,9.0,1.3232388256920207,3.514800568499565,101787.60197630929
80.0,101.0,1.5,1000.0,9.0,1.397119660126492,3.4942387385575473,107470.74308665324
80.0,100.0,1.5,1000.0,9.0,1.3232388256920207,3.514800568499565,101787.60197630929
80.0,102.0,1.5,1000.0,9.0,1.471735627241903,3.473861809525021,113210.4328647618
80.0,105.0,1.5,1000.0,9.0,1.699994324673777,3.413826439646732,130768.79420567513
80.0,106.0,1.5,1000.0,9.0,1.777550822512948,3.394175014809138,136734.67865484217
80.0,104.0,1.5,1000.0,9.0,1.6231729595155455,3.433657082072825,124859.45842427274
80.0,107.0,1.5,1000.0,9.0,1.8558424530330593,3.374701337938351,142757.11177177378
80.0,100.0,1.5,1000.0,9.0,1.3232388256920207,3.514800568499565,101787.60197630929
80.0,103.0,1.5,1000.0,9.0,1.5470867270382542,3.453668394409194,119006.67131063495
80.0,101.0,1.5,1000.0,4.0,0.698559830063246,7.791136006518586,47764.77470517922
80.0,103.0,1.5,1000.0,9.0,1.5470867270382542,3.453668394409194,119006.67131063495
80.0,104.0,1.5,1000.0,9.0,1.6231729595155455,3.433657082072825,124859.45842427274
80.0,104.0,1.5,1000.0,9.0,1.6231729595155455,3.433657082072825,124859.45842427274
80.0,103.0,1.5,1000.0,9.0,1.5470867270382542,3.453668394409194,119006.67131063495
80.0,103.0,1.5,1000.0,9.0,1.5470867270382542,3.453668394409194,119006.67131063495
80.0,102.0,1.5,1000.0,9.0,1.471735627241903,3.473861809525021,113210.4328647618
80.0,100.0,1.5,1000.0,9.0,1.3232388256920207,3.514800568499565,101787.60197630929
80.0,110.0,1.5,1000.0,9.0,2.095128140679033,3.317331881291514,161163.70312915638
80.0,103.0,1.5,1000.0,9.0,1.5470867270382542,3.453668394409194,119006.67131063495
80.0,102.0,1.5,1000.0,9.0,1.471735627241903,3.473861809525021,113210.4328647618
80.0,105.0,1.5,1000.0,9.0,1.699994324673777,3.413826439646732,130768.79420567513
80.0,100.0,1.5,1000.0,9.0,1.3232388256920207,3.514800568499565,101787.60197630929
72.0,92.0,1.5,1000.0,8.0,1.085055837067457,4.328875561462728,82435.39123019617
80.0,102.0,1.5,1000.0,9.0,1.471735627241903,3.473861809525021,113210.4328647618
80.0,100.0,1.5,1000.0,9.0,1.3232388256920207,3.514800568499565,101787.60197630929
80.0,100.0,1.5,1000.0,3.0,0.5292955302768083,10.392197029717638,33929.20065876977
80.0,101.0,1.5,1000.0,9.0,1.397119660126492,3.4942387385575473,107470.74308665324
80.0,102.0,1.5,1000.0,9.0,1.471735627241903,3.473861809525021,113210.4328647618
80.0,101.0,1.5,1000.0,9.0,1.397119660126492,3.4942387385575473,107470.74308665324
80.0,102.0,1.5,1000.0,9.0,1.471735627241903,3.473861809525021,113210.4328647618
72.0,92.0,1.5,1000.0,9.0,1.205617596741619,3.851749327899014,92739.8151339707
80.0,103.0,1.5,1000.0,9.0,1.5470867270382542,3.453668394409194,119006.67131063495
80.0,110.0,1.5,1000.0,9.0,2.095128140679033,3.317331881291514,161163.70312915638
80.0,106.0,1.5,1000.0,9.0,1.777550822512948,3.394175014809138,136734.67865484217
80.0,109.0,1.5,1000.0,9.0,2.0146311121161014,3.3362812751896014,154971.62400893093
75.0,95.0,1.5,1000.0,7.0,0.9997804460784157,4.769882646075894,74769.90515543707
80.0,104.0,1.5,1000.0,9.0,1.6231729595155455,3.433657082072825,124859.45842427274
80.0,103.0,1.5,1000.0,9.0,1.5470867270382542,3.453668394409194,119006.67131063495
80.0,103.0,1.5,1000.0,9.0,1.5470867270382542,3.453668394409194,119006.67131063495
80.0,101.0,1.5,1000.0,9.0,1.397119660126492,3.4942387385575473,107470.74308665324
80.0,105.0,1.5,1000.0,9.0,1.699994324673777,3.413826439646732,130768.79420567513
72.0,92.0,1.5,1000.0,4.0,0.6028087983708095,8.580363637717387,41217.695615098084
80.0,104.0,1.5,1000.0,9.0,1.6231729595155455,3.433657082072825,124859.45842427274
72.0,92.0,1.5,1000.0,7.0,0.9644940773932952,4.940920235629086,72130.96732642164
75.0,95.0,1.5,1000.0,7.0,0.9997804460784157,4.769882646075894,74769.90515543707
80.0,105.0,1.5,1000.0,9.0,1.699994324673777,3.413826439646732,130768.79420567513
80.0,103.0,1.5,1000.0,9.0,1.5470867270382542,3.453668394409194,119006.67131063495
80.0,108.0,1.5,1000.0,9.0,1.9348692162341101,3.355403924144981,148836.09355647003
72.0,92.0,1.5,1000.0,7.0,0.9644940773932952,4.940920235629086,72130.96732642164
80.0,100.0,1.5,1000.0,9.0,1.3232388256920207,3.514800568499565,101787.60197630929
80.0,105.0,1.5,1000.0,9.0,1.699994324673777,3.413826439646732,130768.79420567513
80.0,107.0,1.5,1000.0,9.0,1.8558424530330593,3.374701337938351,142757.11177177378
80.0,102.0,1.5,1000.0,9.0,1.471735627241903,3.473861809525021,113210.4328647618
80.0,104.0,1.5,1000.0,9.0,1.6231729595155455,3.433657082072825,124859.45842427274
80.0,107.0,1.5,1000.0,9.0,1.8558424530330593,3.374701337938351,142757.11177177378
80.0,100.0,1.5,1000.0,9.0,1.3232388256920207,3.514800568499565,101787.60197630929
80.0,110.0,1.5,1000.0,9.0,2.095128140679033,3.317331881291514,161163.70312915638
80.0,102.0,1.5,1000.0,9.0,1.471735627241903,3.473861809525021,113210.4328647618
72.0,92.0,1.5,1000.0,8.0,1.085055837067457,4.328875561462728,82435.39123019617
80.0,110.0,1.5,1000.0,9.0,2.095128140679033,3.317331881291514,161163.70312915638
80.0,100.0,1.5,1000.0,9.0,1.3232388256920207,3.514800568499565,101787.60197630929
80.0,101.0,1.5,1000.0,4.0,0.698559830063246,7.791136006518586,47764.77470517922
80.0,100.0,1.5,1000.0,9.0,1.3232388256920207,3.514800568499565,101787.60197630929
80.0,103.0,1.5,1000.0,9.0,1.5470867270382542,3.453668394409194,119006.67131063495
77.0,97.0,1.5,1000.0,9.0,1.27913086483562,3.634045720722713,98394.68191043232
80.0,103.0,1.5,1000.0,9.0,1.5470867270382542,3.453668394409194,119006.67131063495
80.0,107.0,1.5,1000.0,9.0,1.8558424530330593,3.374701337938351,142757.11177177378
80.0,110.0,1.5,1000.0,9.0,2.095128140679033,3.317331881291514,161163.70312915638
80.0,103.0,1.5,1000.0,9.0,1.5470867270382542,3.453668394409194,119006.67131063495
80.0,108.0,1.5,1000.0,9.0,1.9348692162341101,3.355403924144981,148836.09355647003
80.0,102.0,1.5,1000.0,9.0,1.471735627241903,3.473861809525021,113210.4328647618
80.0,100.0,1.5,1000.0,4.0,0.6616194128460103,7.836567040551036,45238.93421169302
80.0,101.0,1.5,1000.0,9.0,1.397119660126492,3.4942387385575473,107470.74308665324
80.0,102.0,1.5,1000.0,9.0,1.471735627241903,3.473861809525021,113210.4328647618
80.0,110.0,1.5,1000.0,9.0,2.095128140679033,3.317331881291514,161163.70312915638
80.0,101.0,1.5,1000.0,9.0,1.397119660126492,3.4942387385575473,107470.74308665324
80.0,101.0,1.5,1000.0,9.0,1.397119660126492,3.4942387385575473,107470.74308665324
80.0,105.0,1.5,1000.0,9.0,1.699994324673777,3.413826439646732,130768.79420567513
80.0,106.0,1.5,1000.0,9.0,1.777550822512948,3.394175014809138,136734.67865484217
80.0,110.0,1.5,1000.0,9.0,2.095128140679033,3.317331881291514,161163.70312915638
80.0,103.0,1.5,1000.0,9.0,1.5470867270382542,3.453668394409194,119006.67131063495
80.0,109.0,1.5,1000.0,9.0,2.0146311121161014,3.3362812751896014,154971.62400893093
80.0,104.0,1.5,1000.0,9.0,1.6231729595155455,3.433657082072825,124859.45842427274
77.0,97.0,1.5,1000.0,8.0,1.151217778352058,4.08443578686982,87461.93947593984
80.0,101.0,1.5,1000.0,4.0,0.698559830063246,7.791136006518586,47764.77470517922
80.0,104.0,1.5,1000.0,9.0,1.6231729595155455,3.433657082072825,124859.45842427274
80.0,107.0,1.5,1000.0,9.0,1.8558424530330593,3.374701337938351,142757.11177177378
80.0,100.0,1.5,1000.0,6.0,0.9262671779844145,5.2529670433959845,67858.40131753954
80.0,105.0,1.5,1000.0,9.0,1.699994324673777,3.413826439646732,130768.79420567513
80.0,107.0,1.5,1000.0,9.0,1.8558424530330593,3.374701337938351,142757.11177177378
80.0,106.0,1.5,1000.0,9.0,1.777550822512948,3.394175014809138,136734.67865484217
75.0,95.0,1.5,1000.0,7.0,0.9997804460784157,4.769882646075894,74769.90515543707
80.0,102.0,1.5,1000.0,9.0,1.471735627241903,3.473861809525021,113210.4328647618
80.0,101.0,1.5,1000.0,9.0,1.397119660126492,3.4942387385575473,107470.74308665324
80.0,103.0,1.5,1000.0,9.0,1.5470867270382542,3.453668394409194,119006.67131063495
80.0,101.0,1.5,1000.0,9.0,1.397119660126492,3.4942387385575473,107470.74308665324
80.0,106.0,1.5,1000.0,9.0,1.777550822512948,3.394175014809138,136734.67865484217
80.0,103.0,1.5,1000.0,9.0,1.5470867270382542,3.453668394409194,119006.67131063495
80.0,101.0,1.5,1000.0,9.0,1.397119660126492,3.4942387385575473,107470.74308665324
80.0,103.0,1.5,1000.0,9.0,1.5470867270382542,3.453668394409194,119006.67131063495
80.0,101.0,1.5,1000.0,9.0,1.397119660126492,3.4942387385575473,107470.74308665324
80.0,103.0,1.5,1000.0,9.0,1.5470867270382542,3.453668394409194,119006.67131063495
80.0,102.0,1.5,1000.0,9.0,1.471735627241903,3.473861809525021,113210.4328647618
80.0,102.0,1.5,1000.0,9.0,1.471735627241903,3.473861809525021,113210.4328647618
80.0,102.0,1.5,1000.0,9.0,1.471735627241903,3.473861809525021,113210.4328647618
80.0,109.0,1.5,1000.0,9.0,2.0146311121161014,3.3362812751896014,154971.62400893093
80.0,110.0,1.5,1000.0,9.0,2.095128140679033,3.317331881291514,161163.70312915638
80.0,103.0,1.5,1000.0,9.0,1.5470867270382542,3.453668394409194,119006.67131063495
80.0,104.0,1.5,1000.0,9.0,1.6231729595155455,3.433657082072825,124859.45842427274
80.0,102.0,1.5,1000.0,9.0,1.471735627241903,3.473861809525021,113210.4328647618
80.0,100.0,1.5,1000.0,9.0,1.3232388256920207,3.514800568499565,101787.60197630929
80.0,106.0,1.5,1000.0,9.0,1.777550822512948,3.394175014809138,136734.67865484217
80.0,102.0,1.5,1000.0,9.0,1.471735627241903,3.473861809525021,113210.4328647618
80.0,100.0,1.5,1000.0,9.0,1.3232388256920207,3.514800568499565,101787.60197630929
80.0,105.0,1.5,1000.0,9.0,1.699994324673777,3.413826439646732,130768.79420567513
80.0,108.0,1.5,1000.0,9.0,1.9348692162341101,3.355403924144981,148836.09355647003
80.0,104.0,1.5,1000.0,9.0,1.6231729595155455,3.433657082072825,124859.45842427274
80.0,103.0,1.5,1000.0,9.0,1.5470867270382542,3.453668394409194,119006.67131063495
80.0,105.0,1.5,1000.0,9.0,1.699994324673777,3.413826439646732,130768.79420567513
80.0,108.0,1.5,1000.0,9.0,1.9348692162341101,3.355403924144981,148836.09355647003
80.0,101.0,1.5,1000.0,9.0,1.397119660126492,3.4942387385575473,107470.74308665324
80.0,106.0,1.5,1000.0,9.0,1.777550822512948,3.394175014809138,136734.67865484217
76.0,96.0,1.5,1000.0,9.0,1.26442821121682,3.675604346363837,97263.70855514
80.0,100.0,1.5,1000.0,9.0,1.3232388256920207,3.514800568499565,101787.60197630929
80.0,103.0,1.5,1000.0,9.0,1.5470867270382542,3.453668394409194,119006.67131063495
80.0,103.0,1.5,1000.0,9.0,1.5470867270382542,3.453668394409194,119006.67131063495
80.0,101.0,1.5,1000.0,9.0,1.397119660126492,3.4942387385575473,107470.74308665324
80.0,101.0,1.5,1000.0,4.0,0.698559830063246,7.791136006518586,47764.77470517922
80.0,101.0,1.5,1000.0,9.0,1.397119660126492,3.4942387385575473,107470.74308665324
80.0,103.0,1.5,1000.0,9.0,1.5470867270382542,3.453668394409194,119006.67131063495
80.0,109.0,1.5,1000.0,9.0,2.0146311121161014,3.3362812751896014,154971.62400893093
80.0,104.0,1.5,1000.0,9.0,1.6231729595155455,3.433657082072825,124859.45842427274
80.0,108.0,1.5,1000.0,9.0,1.9348692162341101,3.355403924144981,148836.09355647003
80.0,103.0,1.5,1000.0,9.0,1.5470867270382542,3.453668394409194,119006.67131063495
80.0,108.0,1.5,1000.0,9.0,1.9348692162341101,3.355403924144981,148836.09355647003
80.0,102.0,1.5,1000.0,9.0,1.471735627241903,3.473861809525021,113210.4328647618
80.0,108.0,1.5,1000.0,9.0,1.9348692162341101,3.355403924144981,148836.09355647003
80.0,101.0,1.5,1000.0,9.0,1.397119660126492,3.4942387385575473,107470.74308665324
80.0,103.0,1.5,1000.0,9.0,1.5470867270382542,3.453668394409194,119006.67131063495
80.0,110.0,1.5,1000.0,9.0,2.095128140679033,3.317331881291514,161163.70312915638
80.0,101.0,1.5,1000.0,9.0,1.397119660126492,3.4942387385575473,107470.74308665324
80.0,103.0,1.5,1000.0,9.0,1.5470867270382542,3.453668394409194,119006.67131063495
80.0,100.0,1.5,1000.0,9.0,1.3232388256920207,3.514800568499565,101787.60197630929
80.0,110.0,1.5,1000.0,9.0,2.095128140679033,3.317331881291514,161163.70312915638
80.0,104.0,1.5,1000.0,9.0,1.6231729595155455,3.433657082072825,124859.45842427274
80.0,101.0,1.5,1000.0,4.0,0.698559830063246,7.791136006518586,47764.77470517922
71.0,91.0,1.5,1000.0,9.0,1.1909149431228185,3.8984416232813928,91608.84177867835
80.0,107.0,1.5,1000.0,9.0,1.8558424530330593,3.374701337938351,142757.11177177378
80.0,100.0,1.5,1000.0,3.0,0.5292955302768083,10.392197029717638,33929.20065876977
77.0,97.0,1.5,1000.0,8.0,1.151217778352058,4.08443578686982,87461.93947593984
80.0,100.0,1.5,1000.0,9.0,1.3232388256920207,3.514800568499565,101787.60197630929
76.0,96.0,1.5,1000.0,9.0,1.26442821121682,3.675604346363837,97263.70855514
80.0,103.0,1.5,1000.0,9.0,1.5470867270382542,3.453668394409194,119006.67131063495
76.0,96.0,1.5,1000.0,4.0,0.63221410560841,8.191694184939207,43228.31491339555
78.0,98.0,1.5,1000.0,3.0,0.5175334073817682,10.621198968548896,33175.21842190822
80.0,100.0,1.5,1000.0,9.0,1.3232388256920207,3.514800568499565,101787.60197630929
80.0,109.0,1.5,1000.0,9.0,2.0146311121161014,3.3362812751896014,154971.62400893093
80.0,103.0,1.5,1000.0,9.0,1.5470867270382542,3.453668394409194,119006.67131063495
80.0,102.0,1.5,1000.0,9.0,1.471735627241903,3.473861809525021,113210.4328647618
80.0,104.0,1.5,1000.0,9.0,1.6231729595155455,3.433657082072825,124859.45842427274
80.0,105.0,1.5,1000.0,9.0,1.699994324673777,3.413826439646732,130768.79420567513
80.0,104.0,1.5,1000.0,9.0,1.6231729595155455,3.433657082072825,124859.45842427274
80.0,105.0,1.5,1000.0,9.0,1.699994324673777,3.413826439646732,130768.79420567513
80.0,100.0,1.5,1000.0,9.0,1.3232388256920207,3.514800568499565,101787.60197630929
80.0,101.0,1.5,1000.0,9.0,1.397119660126492,3.4942387385575473,107470.74308665324
80.0,100.0,1.5,1000.0,9.0,1.3232388256920207,3.514800568499565,101787.60197630929
80.0,101.0,1.5,1000.0,9.0,1.397119660126492,3.4942387385575473,107470.74308665324
80.0,100.0,1.5,1000.0,9.0,1.3232388256920207,3.514800568499565,101787.60197630929
73.0,93.0,1.5,1000.0,9.0,1.220320250360419,3.8061568028252584,93870.78848926302
80.0,105.0,1.5,1000.0,9.0,1.699994324673777,3.413826439646732,130768.79420567513
75.0,95.0,1.5,1000.0,8.0,1.1247530018382177,4.1788384611427425,85451.32017764237
80.0,100.0,1.5,1000.0,9.0,1.3232388256920207,3.514800568499565,101787.60197630929
80.0,101.0,1.5,1000.0,9.0,1.397119660126492,3.4942387385575473,107470.74308665324
80.0,101.0,1.5,1000.0,9.0,1.397119660126492,3.4942387385575473,107470.74308665324
80.0,102.0,1.5,1000.0,9.0,1.471735627241903,3.473861809525021,113210.4328647618
80.0,101.0,1.5,1000.0,9.0,1.397119660126492,3.4942387385575473,107470.74308665324
80.0,101.0,1.5,1000.0,9.0,1.397119660126492,3.4942387385575473,107470.74308665324
80.0,110.0,1.5,1000.0,9.0,2.095128140679033,3.317331881291514,161163.70312915638
80.0,101.0,1.5,1000.0,9.0,1.397119660126492,3.4942387385575473,107470.74308665324
80.0,101.0,1.5,1000.0,9.0,1.397119660126492,3.4942387385575473,107470.74308665324
80.0,104.0,1.5,1000.0,9.0,1.6231729595155455,3.433657082072825,124859.45842427274
80.0,108.0,1.5,1000.0,9.0,1.9348692162341101,3.355403924144981,148836.09355647003
80.0,103.0,1.5,1000.0,9.0,1.5470867270382542,3.453668394409194,119006.67131063495
80.0,108.0,1.5,1000.0,9.0,1.9348692162341101,3.355403924144981,148836.09355647003
80.0,100.0,1.5,1000.0,9.0,1.3232388256920207,3.514800568499565,101787.60197630929
80.0,108.0,1.5,1000.0,9.0,1.9348692162341101,3.355403924144981,148836.09355647003
80.0,101.0,1.5,1000.0,9.0,1.397119660126492,3.4942387385575473,107470.74308665324
80.0,106.0,1.5,1000.0,9.0,1.777550822512948,3.394175014809138,136734.67865484217
80.0,101.0,1.5,1000.0,9.0,1.397119660126492,3.4942387385575473,107470.74308665324
80.0,100.0,1.5,1000.0,9.0,1.3232388256920207,3.514800568499565,101787.60197630929
80.0,105.0,1.5,1000.0,9.0,1.699994324673777,3.413826439646732,130768.79420567513
80.0,105.0,1.5,1000.0,9.0,1.699994324673777,3.413826439646732,130768.79420567513
80.0,100.0,1.5,1000.0,9.0,1.3232388256920207,3.514800568499565,101787.60197630929
80.0,107.0,1.5,1000.0,9.0,1.8558424530330593,3.374701337938351,142757.11177177378
80.0,100.0,1.5,1000.0,6.0,0.9262671779844145,5.2529670433959845,67858.40131753954
80.0,104.0,1.5,1000.0,9.0,1.6231729595155455,3.433657082072825,124859.45842427274
80.0,103.0,1.5,1000.0,9.0,1.5470867270382542,3.453668394409194,119006.67131063495
80.0,103.0,1.5,1000.0,9.0,1.5470867270382542,3.453668394409194,119006.67131063495
80.0,101.0,1.5,1000.0,9.0,1.397119660126492,3.4942387385575473,107470.74308665324
80.0,101.0,1.5,1000.0,9.0,1.397119660126492,3.4942387385575473,107470.74308665324
80.0,106.0,1.5,1000.0,9.0,1.777550822512948,3.394175014809138,136734.67865484217
80.0,107.0,1.5,1000.0,9.0,1.8558424530330593,3.374701337938351,142757.11177177378
80.0,106.0,1.5,1000.0,9.0,1.777550822512948,3.394175014809138,136734.67865484217
80.0,106.0,1.5,1000.0,9.0,1.777550822512948,3.394175014809138,136734.67865484217
80.0,101.0,1.5,1000.0,9.0,1.397119660126492,3.4942387385575473,107470.74308665324
80.0,100.0,1.5,1000.0,3.0,0.5292955302768083,10.392197029717638,33929.20065876977
80.0,101.0,1.5,1000.0,9.0,1.397119660126492,3.4942387385575473,107470.74308665324
80.0,104.0,1.5,1000.0,9.0,1.6231729595155455,3.433657082072825,124859.45842427274
80.0,104.0,1.5,1000.0,9.0,1.6231729595155455,3.433657082072825,124859.45842427274
80.0,106.0,1.5,1000.0,9.0,1.777550822512948,3.394175014809138,136734.67865484217
80.0,108.0,1.5,1000.0,9.0,1.9348692162341101,3.355403924144981,148836.09355647003
80.0,109.0,1.5,1000.0,9.0,2.0146311121161014,3.3362812751896014,154971.62400893093
70.0,90.0,1.5,1000.0,9.0,1.1762122895040186,3.9462737455164696,90477.86842338604
80.0,103.0,1.5,1000.0,9.0,1.5470867270382542,3.453668394409194,119006.67131063495
80.0,103.0,1.5,1000.0,9.0,1.5470867270382542,3.453668394409194,119006.67131063495
80.0,103.0,1.5,1000.0,9.0,1.5470867270382542,3.453668394409194,119006.67131063495
80.0,109.0,1.5,1000.0,9.0,2.0146311121161014,3.3362812751896014,154971.62400893093
80.0,102.0,1.5,1000.0,9.0,1.471735627241903,3.473861809525021,113210.4328647618
80.0,101.0,1.5,1000.0,9.0,1.397119660126492,3.4942387385575473,107470.74308665324
80.0,103.0,1.5,1000.0,9.0,1.5470867270382542,3.453668394409194,119006.67131063495
80.0,102.0,1.5,1000.0,9.0,1.471735627241903,3.473861809525021,113210.4328647618
80.0,103.0,1.5,1000.0,9.0,1.5470867270382542,3.453668394409194,119006.67131063495
80.0,103.0,1.5,1000.0,9.0,1.5470867270382542,3.453668394409194,119006.67131063495
80.0,105.0,1.5,1000.0,9.0,1.699994324673777,3.413826439646732,130768.79420567513
80.0,110.0,1.5,1000.0,9.0,2.095128140679033,3.317331881291514,161163.70312915638
80.0,104.0,1.5,1000.0,9.0,1.6231729595155455,3.433657082072825,124859.45842427274
80.0,100.0,1.5,1000.0,9.0,1.3232388256920207,3.514800568499565,101787.60197630929
80.0,101.0,1.5,1000.0,9.0,1.397119660126492,3.4942387385575473,107470.74308665324
80.0,110.0,1.5,1000.0,9.0,2.095128140679033,3.317331881291514,161163.70312915638
80.0,107.0,1.5,1000.0,9.0,1.8558424530330593,3.374701337938351,142757.11177177378
80.0,103.0,1.5,1000.0,9.0,1.5470867270382542,3.453668394409194,119006.67131063495
80.0,103.0,1.5,1000.0,9.0,1.5470867270382542,3.453668394409194,119006.67131063495
80.0,101.0,1.5,1000.0,9.0,1.397119660126492,3.4942387385575473,107470.74308665324
80.0,104.0,1.5,1000.0,9.0,1.6231729595155455,3.433657082072825,124859.45842427274
80.0,110.0,1.5,1000.0,9.0,2.095128140679033,3.317331881291514,161163.70312915638
80.0,106.0,1.5,1000.0,9.0,1.777550822512948,3.394175014809138,136734.67865484217
80.0,105.0,1.5,1000.0,9.0,1.699994324673777,3.413826439646732,130768.79420567513
80.0,108.0,1.5,1000.0,9.0,1.9348692162341101,3.355403924144981,148836.09355647003
80.0,103.0,1.5,1000.0,9.0,1.5470867270382542,3.453668394409194,119006.67131063495
80.0,101.0,1.5,1000.0,9.0,1.397119660126492,3.4942387385575473,107470.74308665324
80.0,100.0,1.5,1000.0,9.0,1.3232388256920207,3.514800568499565,101787.60197630929
80.0,103.0,1.5,1000.0,9.0,1.5470867270382542,3.453668394409194,119006.67131063495
80.0,105.0,1.5,1000.0,9.0,1.699994324673777,3.413826439646732,130768.79420567513
80.0,109.0,1.5,1000.0,9.0,2.0146311121161014,3.3362812751896014,154971.62400893093
76.0,96.0,1.5,1000.0,8.0,1.137985390095138,4.131100363487679,86456.6298267911
73.0,93.0,1.5,1000.0,9.0,1.220320250360419,3.8061568028252584,93870.78848926302
71.0,91.0,1.5,1000.0,8.0,1.071823448810537,4.381298528613005,81430.08158104743
80.0,100.0,1.5,1000.0,9.0,1.3232388256920207,3.514800568499565,101787.60197630929
80.0,106.0,1.5,1000.0,9.0,1.777550822512948,3.394175014809138,136734.67865484217
77.0,97.0,1.5,1000.0,9.0,1.27913086483562,3.634045720722713,98394.68191043232
80.0,100.0,1.5,1000.0,9.0,1.3232388256920207,3.514800568499565,101787.60197630929
80.0,105.0,1.5,1000.0,9.0,1.699994324673777,3.413826439646732,130768.79420567513
80.0,105.0,1.5,1000.0,9.0,1.699994324673777,3.413826439646732,130768.79420567513
80.0,100.0,1.5,1000.0,9.0,1.3232388256920207,3.514800568499565,101787.60197630929
80.0,103.0,1.5,1000.0,9.0,1.5470867270382542,3.453668394409194,119006.67131063495
80.0,103.0,1.5,1000.0,9.0,1.5470867270382542,3.453668394409194,119006.67131063495
80.0,110.0,1.5,1000.0,9.0,2.095128140679033,3.317331881291514,161163.70312915638
80.0,106.0,1.5,1000.0,9.0,1.777550822512948,3.394175014809138,136734.67865484217
80.0,101.0,1.5,1000.0,9.0,1.397119660126492,3.4942387385575473,107470.74308665324
80.0,100.0,1.5,1000.0,9.0,1.3232388256920207,3.514800568499565,101787.60197630929
80.0,104.0,1.5,1000.0,9.0,1.6231729595155455,3.433657082072825,124859.45842427274
80.0,100.0,1.5,1000.0,9.0,1.3232388256920207,3.514800568499565,101787.60197630929
80.0,108.0,1.5,1000.0,9.0,1.9348692162341101,3.355403924144981,148836.09355647003
80.0,106.0,1.5,1000.0,9.0,1.777550822512948,3.394175014809138,136734.67865484217
80.0,104.0,1.5,1000.0,9.0,1.6231729595155455,3.433657082072825,124859.45842427274
80.0,100.0,1.5,1000.0,9.0,1.3232388256920207,3.514800568499565,101787.60197630929
78.0,98.0,1.5,1000.0,9.0,1.2938335184544205,3.593412276523972,99525.65526572465
80.0,101.0,1.5,1000.0,3.0,0.5588478640505967,10.332274443151492,35823.581028884415
70.0,90.0,1.5,1000.0,6.0,0.823348602652813,5.895175569684019,60318.57894892403
80.0,103.0,1.5,1000.0,9.0,1.5470867270382542,3.453668394409194,119006.67131063495
80.0,101.0,1.5,1000.0,9.0,1.397119660126492,3.4942387385575473,107470.74308665324
80.0,101.0,1.5,1000.0,9.0,1.397119660126492,3.4942387385575473,107470.74308665324
80.0,104.0,1.5,1000.0,9.0,1.6231729595155455,3.433657082072825,124859.45842427274
71.0,91.0,1.5,1000.0,4.0,0.5954574715614093,8.683332467888404,40715.040790523715
80.0,105.0,1.5,1000.0,9.0,1.699994324673777,3.413826439646732,130768.79420567513
80.0,101.0,1.5,1000.0,9.0,1.397119660126492,3.4942387385575473,107470.74308665324
77.0,97.0,1.5,1000.0,3.0,0.511652345934248,10.739509371331218,32798.22730347744
80.0,101.0,1.5,1000.0,9.0,1.397119660126492,3.4942387385575473,107470.74308665324
80.0,101.0,1.5,1000.0,9.0,1.397119660126492,3.4942387385575473,107470.74308665324
80.0,104.0,1.5,1000.0,9.0,1.6231729595155455,3.433657082072825,124859.45842427274
80.0,103.0,1.5,1000.0,9.0,1.5470867270382542,3.453668394409194,119006.67131063495
80.0,105.0,1.5,1000.0,9.0,1.699994324673777,3.413826439646732,130768.79420567513
80.0,108.0,1.5,1000.0,9.0,1.9348692162341101,3.355403924144981,148836.09355647003
72.0,92.0,1.5,1000.0,9.0,1.205617596741619,3.851749327899014,92739.8151339707
80.0,106.0,1.5,1000.0,9.0,1.777550822512948,3.394175014809138,136734.67865484217
80.0,102.0,1.5,1000.0,9.0,1.471735627241903,3.473861809525021,113210.4328647618
78.0,98.0,1.5,1000.0,5.0,0.7763001110726523,6.42963213498131,55292.03070318036
80.0,103.0,1.5,1000.0,9.0,1.5470867270382542,3.453668394409194,119006.67131063495
80.0,105.0,1.5,1000.0,9.0,1.699994324673777,3.413826439646732,130768.79420567513
75.0,95.0,1.5,1000.0,9.0,1.2497255575980197,3.718119960388922,96132.73519984767
80.0,105.0,1.5,1000.0,9.0,1.699994324673777,3.413826439646732,130768.79420567513
80.0,100.0,1.5,1000.0,9.0,1.3232388256920207,3.514800568499565,101787.60197630929
80.0,104.0,1.5,1000.0,9.0,1.6231729595155455,3.433657082072825,124859.45842427274
80.0,101.0,1.5,1000.0,9.0,1.397119660126492,3.4942387385575473,107470.74308665324
80.0,101.0,1.5,1000.0,9.0,1.397119660126492,3.4942387385575473,107470.74308665324
80.0,105.0,1.5,1000.0,9.0,1.699994324673777,3.413826439646732,130768.79420567513
80.0,103.0,1.5,1000.0,9.0,1.5470867270382542,3.453668394409194,119006.67131063495
80.0,104.0,1.5,1000.0,9.0,1.6231729595155455,3.433657082072825,124859.45842427274
80.0,100.0,1.5,1000.0,9.0,1.3232388256920207,3.514800568499565,101787.60197630929
76.0,96.0,1.5,1000.0,9.0,1.26442821121682,3.675604346363837,97263.70855514
80.0,102.0,1.5,1000.0,9.0,1.471735627241903,3.473861809525021,113210.4328647618
80.0,101.0,1.5,1000.0,9.0,1.397119660126492,3.4942387385575473,107470.74308665324
80.0,102.0,1.5,1000.0,9.0,1.471735627241903,3.473861809525021,113210.4328647618
80.0,104.0,1.5,1000.0,9.0,1.6231729595155455,3.433657082072825,124859.45842427274
80.0,105.0,1.5,1000.0,9.0,1.699994324673777,3.413826439646732,130768.79420567513
80.0,106.0,1.5,1000.0,9.0,1.777550822512948,3.394175014809138,136734.67865484217
80.0,101.0,1.5,1000.0,9.0,1.397119660126492,3.4942387385575473,107470.74308665324
80.0,109.0,1.5,1000.0,9.0,2.0146311121161014,3.3362812751896014,154971.62400893093
80.0,100.0,1.5,1000.0,4.0,0.6616194128460103,7.836567040551036,45238.93421169302
80.0,100.0,1.5,1000.0,9.0,1.3232388256920207,3.514800568499565,101787.60197630929
80.0,107.0,1.5,1000.0,9.0,1.8558424530330593,3.374701337938351,142757.11177177378
80.0,104.0,1.5,1000.0,9.0,1.6231729595155455,3.433657082072825,124859.45842427274
80.0,110.0,1.5,1000.0,9.0,2.095128140679033,3.317331881291514,161163.70312915638
80.0,105.0,1.5,1000.0,9.0,1.699994324673777,3.413826439646732,130768.79420567513
80.0,105.0,1.5,1000.0,9.0,1.699994324673777,3.413826439646732,130768.79420567513
80.0,107.0,1.5,1000.0,9.0,1.8558424530330593,3.374701337938351,142757.11177177378
80.0,109.0,1.5,1000.0,9.0,2.0146311121161014,3.3362812751896014,154971.62400893093
75.0,95.0,1.5,1000.0,7.0,0.9997804460784157,4.769882646075894,74769.90515543707
80.0,105.0,1.5,1000.0,9.0,1.699994324673777,3.413826439646732,130768.79420567513
80.0,103.0,1.5,1000.0,9.0,1.5470867270382542,3.453668394409194,119006.67131063495
80.0,104.0,1.5,1000.0,9.0,1.6231729595155455,3.433657082072825,124859.45842427274
80.0,100.0,1.5,1000.0,9.0,1.3232388256920207,3.514800568499565,101787.60197630929
80.0,104.0,1.5,1000.0,9.0,1.6231729595155455,3.433657082072825,124859.45842427274
80.0,104.0,1.5,1000.0,9.0,1.6231729595155455,3.433657082072825,124859.45842427274
74.0,94.0,1.5,1000.0,3.0,0.4940091615916878,11.110721767702282,31667.253948185116
80.0,103.0,1.5,1000.0,9.0,1.5470867270382542,3.453668394409194,119006.67131063495
70.0,90.0,1.5,1000.0,9.0,1.1762122895040186,3.9462737455164696,90477.86842338604
80.0,104.0,1.5,1000.0,9.0,1.6231729595155455,3.433657082072825,124859.45842427274
80.0,104.0,1.5,1000.0,9.0,1.6231729595155455,3.433657082072825,124859.45842427274
80.0,105.0,1.5,1000.0,9.0,1.699994324673777,3.413826439646732,130768.79420567513
80.0,110.0,1.5,1000.0,9.0,2.095128140679033,3.317331881291514,161163.70312915638
80.0,106.0,1.5,1000.0,9.0,1.777550822512948,3.394175014809138,136734.67865484217
80.0,107.0,1.5,1000.0,9.0,1.8558424530330593,3.374701337938351,142757.11177177378
80.0,108.0,1.5,1000.0,9.0,1.9348692162341101,3.355403924144981,148836.09355647003
80.0,107.0,1.5,1000.0,9.0,1.8558424530330593,3.374701337938351,142757.11177177378
80.0,105.0,1.5,1000.0,9.0,1.699994324673777,3.413826439646732,130768.79420567513
80.0,102.0,1.5,1000.0,9.0,1.471735627241903,3.473861809525021,113210.4328647618
80.0,105.0,1.5,1000.0,9.0,1.699994324673777,3.413826439646732,130768.79420567513
80.0,108.0,1.5,1000.0,9.0,1.9348692162341101,3.355403924144981,148836.09355647003
80.0,105.0,1.5,1000.0,9.0,1.699994324673777,3.413826439646732,130768.79420567513
80.0,103.0,1.5,1000.0,9.0,1.5470867270382542,3.453668394409194,119006.67131063495
80.0,106.0,1.5,1000.0,9.0,1.777550822512948,3.394175014809138,136734.67865484217
75.0,95.0,1.5,1000.0,8.0,1.1247530018382177,4.1788384611427425,85451.32017764237
80.0,101.0,1.5,1000.0,9.0,1.397119660126492,3.4942387385575473,107470.74308665324
80.0,103.0,1.5,1000.0,9.0,1.5470867270382542,3.453668394409194,119006.67131063495
79.0,99.0,1.5,1000.0,4.0,0.6542680860366102,7.92244319622171,44736.27938711865
80.0,110.0,1.5,1000.0,9.0,2.095128140679033,3.317331881291514,161163.70312915638
80.0,103.0,1.5,1000.0,9.0,1.5470867270382542,3.453668394409194,119006.67131063495
80.0,102.0,1.5,1000.0,9.0,1.471735627241903,3.473861809525021,113210.4328647618
80.0,103.0,1.5,1000.0,9.0,1.5470867270382542,3.453668394409194,119006.67131063495
80.0,104.0,1.5,1000.0,9.0,1.6231729595155455,3.433657082072825,124859.45842427274
80.0,106.0,1.5,1000.0,9.0,1.777550822512948,3.394175014809138,136734.67865484217
73.0,93.0,1.5,1000.0,4.0,0.6101601251802095,8.479796163547105,41720.35043967245
80.0,104.0,1.5,1000.0,9.0,1.6231729595155455,3.433657082072825,124859.45842427274
80.0,104.0,1.5,1000.0,9.0,1.6231729595155455,3.433657082072825,124859.45842427274
80.0,103.0,1.5,1000.0,9.0,1.5470867270382542,3.453668394409194,119006.67131063495
80.0,100.0,1.5,1000.0,9.0,1.3232388256920207,3.514800568499565,101787.60197630929
71.0,91.0,1.5,1000.0,5.0,0.7145489658736912,6.971892476932307,50893.800988154646
74.0,94.0,1.5,1000.0,8.0,1.1115206135812976,4.227687368802967,84446.01052849364
80.0,103.0,1.5,1000.0,9.0,1.5470867270382542,3.453668394409194,119006.67131063495
77.0,97.0,1.5,1000.0,6.0,0.8953916053849341,5.430510103255288,65596.45460695488
80.0,101.0,1.5,1000.0,9.0,1.397119660126492,3.4942387385575473,107470.74308665324
80.0,100.0,1.5,1000.0,6.0,0.9262671779844145,5.2529670433959845,67858.40131753954
74.0,94.0,1.5,1000.0,6.0,0.8645160327854536,5.6204143663200306,63334.50789637023
80.0,103.0,1.5,1000.0,9.0,1.5470867270382542,3.453668394409194,119006.67131063495
80.0,101.0,1.5,1000.0,9.0,1.397119660126492,3.4942387385575473,107470.74308665324
80.0,107.0,1.5,1000.0,9.0,1.8558424530330593,3.374701337938351,142757.11177177378
80.0,110.0,1.5,1000.0,9.0,2.095128140679033,3.317331881291514,161163.70312915638
80.0,107.0,1.5,1000.0,9.0,1.8558424530330593,3.374701337938351,142757.11177177378
80.0,101.0,1.5,1000.0,4.0,0.698559830063246,7.791136006518586,47764.77470517922
80.0,100.0,1.5,1000.0,9.0,1.3232388256920207,3.514800568499565,101787.60197630929
80.0,103.0,1.5,1000.0,9.0,1.5470867270382542,3.453668394409194,119006.67131063495
80.0,110.0,1.5,1000.0,9.0,2.095128140679033,3.317331881291514,161163.70312915638
80.0,108.0,1.5,1000.0,9.0,1.9348692162341101,3.355403924144981,148836.09355647003
80.0,100.0,1.5,1000.0,9.0,1.3232388256920207,3.514800568499565,101787.60197630929
80.0,110.0,1.5,1000.0,9.0,2.095128140679033,3.317331881291514,161163.70312915638
80.0,101.0,1.5,1000.0,9.0,1.397119660126492,3.4942387385575473,107470.74308665324
80.0,104.0,1.5,1000.0,9.0,1.6231729595155455,3.433657082072825,124859.45842427274
80.0,101.0,1.5,1000.0,9.0,1.397119660126492,3.4942387385575473,107470.74308665324
80.0,107.0,1.5,1000.0,9.0,1.8558424530330593,3.374701337938351,142757.11177177378
80.0,104.0,1.5,1000.0,9.0,1.6231729595155455,3.433657082072825,124859.45842427274
73.0,93.0,1.5,1000.0,5.0,0.7321921502162515,6.807892633385585,52150.438049590564
80.0,107.0,1.5,1000.0,9.0,1.8558424530330593,3.374701337938351,142757.11177177378
80.0,110.0,1.5,1000.0,9.0,2.095128140679033,3.317331881291514,161163.70312915638
70.0,90.0,1.5,1000.0,9.0,1.1762122895040186,3.9462737455164696,90477.86842338604
80.0,110.0,1.5,1000.0,9.0,2.095128140679033,3.317331881291514,161163.70312915638
80.0,109.0,1.5,1000.0,9.0,2.0146311121161014,3.3362812751896014,154971.62400893093
80.0,108.0,1.5,1000.0,9.0,1.9348692162341101,3.355403924144981,148836.09355647003
80.0,101.0,1.5,1000.0,9.0,1.397119660126492,3.4942387385575473,107470.74308665324
72.0,92.0,1.5,1000.0,9.0,1.205617596741619,3.851749327899014,92739.8151339707
80.0,102.0,1.5,1000.0,9.0,1.471735627241903,3.473861809525021,113210.4328647618
80.0,101.0,1.5,1000.0,4.0,0.698559830063246,7.791136006518586,47764.77470517922
80.0,108.0,1.5,1000.0,9.0,1.9348692162341101,3.355403924144981,148836.09355647003
80.0,110.0,1.5,1000.0,9.0,2.095128140679033,3.317331881291514,161163.70312915638
80.0,104.0,1.5,1000.0,9.0,1.6231729595155455,3.433657082072825,124859.45842427274
80.0,106.0,1.5,1000.0,9.0,1.777550822512948,3.394175014809138,136734.67865484217
80.0,103.0,1.5,1000.0,9.0,1.5470867270382542,3.453668394409194,119006.67131063495
80.0,106.0,1.5,1000.0,9.0,1.777550822512948,3.394175014809138,136734.67865484217
80.0,109.0,1.5,1000.0,9.0,2.0146311121161014,3.3362812751896014,154971.62400893093
80.0,105.0,1.5,1000.0,9.0,1.699994324673777,3.413826439646732,130768.79420567513
80.0,108.0,1.5,1000.0,9.0,1.9348692162341101,3.355403924144981,148836.09355647003
70.0,90.0,1.5,1000.0,8.0,1.0585910605536166,4.434999895981484,80424.77193189871
79.0,99.0,1.5,1000.0,3.0,0.5234144688292882,10.50545561566452,33552.20954033899
80.0,105.0,1.5,1000.0,9.0,1.699994324673777,3.413826439646732,130768.79420567513
80.0,100.0,1.5,1000.0,4.0,0.6616194128460103,7.836567040551036,45238.93421169302
80.0,102.0,1.5,1000.0,9.0,1.471735627241903,3.473861809525021,113210.4328647618
80.0,103.0,1.5,1000.0,9.0,1.5470867270382542,3.453668394409194,119006.67131063495
80.0,102.0,1.5,1000.0,9.0,1.471735627241903,3.473861809525021,113210.4328647618
80.0,108.0,1.5,1000.0,9.0,1.9348692162341101,3.355403924144981,148836.09355647003
80.0,102.0,1.5,1000.0,9.0,1.471735627241903,3.473861809525021,113210.4328647618
80.0,105.0,1.5,1000.0,9.0,1.699994324673777,3.413826439646732,130768.79420567513
80.0,100.0,1.5,1000.0,4.0,0.6616194128460103,7.836567040551036,45238.93421169302
80.0,109.0,1.5,1000.0,9.0,2.0146311121161014,3.3362812751896014,154971.62400893093
80.0,103.0,1.5,1000.0,9.0,1.5470867270382542,3.453668394409194,119006.67131063495
80.0,108.0,1.5,1000.0,9.0,1.9348692162341101,3.355403924144981,148836.09355647003
80.0,101.0,1.5,1000.0,9.0,1.397119660126492,3.4942387385575473,107470.74308665324
80.0,100.0,1.5,1000.0,9.0,1.3232388256920207,3.514800568499565,101787.60197630929
80.0,110.0,1.5,1000.0,9.0,2.095128140679033,3.317331881291514,161163.70312915638
80.0,100.0,1.5,1000.0,9.0,1.3232388256920207,3.514800568499565,101787.60197630929
80.0,105.0,1.5,1000.0,9.0,1.699994324673777,3.413826439646732,130768.79420567513
80.0,100.0,1.5,1000.0,5.0,0.7939432954152124,6.289792766247159,56548.66776461627
77.0,97.0,1.5,1000.0,5.0,0.7674785189013721,6.5018991390330365,54663.7121724624
80.0,105.0,1.5,1000.0,9.0,1.699994324673777,3.413826439646732,130768.79420567513
80.0,100.0,1.5,1000.0,9.0,1.3232388256920207,3.514800568499565,101787.60197630929
80.0,101.0,1.5,1000.0,9.0,1.397119660126492,3.4942387385575473,107470.74308665324
80.0,103.0,1.5,1000.0,9.0,1.5470867270382542,3.453668394409194,119006.67131063495
80.0,108.0,1.5,1000.0,9.0,1.9348692162341101,3.355403924144981,148836.09355647003
80.0,110.0,1.5,1000.0,9.0,2.095128140679033,3.317331881291514,161163.70312915638
80.0,101.0,1.5,1000.0,9.0,1.397119660126492,3.4942387385575473,107470.74308665324
80.0,104.0,1.5,1000.0,9.0,1.6231729595155455,3.433657082072825,124859.45842427274
80.0,103.0,1.5,1000.0,9.0,1.5470867270382542,3.453668394409194,119006.67131063495
80.0,102.0,1.5,1000.0,9.0,1.471735627241903,3.473861809525021,113210.4328647618
73.0,93.0,1.5,1000.0,7.0,0.9762562002883353,4.882567584632415,73010.61326942679
80.0,103.0,1.5,1000.0,9.0,1.5470867270382542,3.453668394409194,119006.67131063495
80.0,101.0,1.5,1000.0,9.0,1.397119660126492,3.4942387385575473,107470.74308665324
80.0,109.0,1.5,1000.0,9.0,2.0146311121161014,3.3362812751896014,154971.62400893093
80.0,109.0,1.5,1000.0,9.0,2.0146311121161014,3.3362812751896014,154971.62400893093
80.0,108.0,1.5,1000.0,9.0,1.9348692162341101,3.355403924144981,148836.09355647003
80.0,101.0,1.5,1000.0,9.0,1.397119660126492,3.4942387385575473,107470.74308665324
80.0,101.0,1.5,1000.0,9.0,1.397119660126492,3.4942387385575473,107470.74308665324
80.0,105.0,1.5,1000.0,9.0,1.699994324673777,3.413826439646732,130768.79420567513
73.0,93.0,1.5,1000.0,9.0,1.220320250360419,3.8061568028252584,93870.78848926302
80.0,101.0,1.5,1000.0,9.0,1.397119660126492,3.4942387385575473,107470.74308665324
80.0,101.0,1.5,1000.0,9.0,1.397119660126492,3.4942387385575473,107470.74308665324
80.0,106.0,1.5,1000.0,9.0,1.777550822512948,3.394175014809138,136734.67865484217
80.0,109.0,1.5,1000.0,9.0,2.0146311121161014,3.3362812751896014,154971.62400893093
80.0,102.0,1.5,1000.0,9.0,1.471735627241903,3.473861809525021,113210.4328647618
80.0,106.0,1.5,1000.0,9.0,1.777550822512948,3.394175014809138,136734.67865484217
80.0,105.0,1.5,1000.0,9.0,1.699994324673777,3.413826439646732,130768.79420567513
80.0,101.0,1.5,1000.0,4.0,0.698559830063246,7.791136006518586,47764.77470517922
80.0,108.0,1.5,1000.0,9.0,1.9348692162341101,3.355403924144981,148836.09355647003
80.0,101.0,1.5,1000.0,9.0,1.397119660126492,3.4942387385575473,107470.74308665324
80.0,100.0,1.5,1000.0,9.0,1.3232388256920207,3.514800568499565,101787.60197630929
80.0,108.0,1.5,1000.0,9.0,1.9348692162341101,3.355403924144981,148836.09355647003
80.0,109.0,1.5,1000.0,9.0,2.0146311121161014,3.3362812751896014,154971.62400893093
80.0,107.0,1.5,1000.0,9.0,1.8558424530330593,3.374701337938351,142757.11177177378
80.0,105.0,1.5,1000.0,9.0,1.699994324673777,3.413826439646732,130768.79420567513
80.0,104.0,1.5,1000.0,9.0,1.6231729595155455,3.433657082072825,124859.45842427274
80.0,105.0,1.5,1000.0,9.0,1.699994324673777,3.413826439646732,130768.79420567513
80.0,102.0,1.5,1000.0,9.0,1.471735627241903,3.473861809525021,113210.4328647618
80.0,107.0,1.5,1000.0,9.0,1.8558424530330593,3.374701337938351,142757.11177177378
80.0,101.0,1.5,1000.0,9.0,1.397119660126492,3.4942387385575473,107470.74308665324
80.0,102.0,1.5,1000.0,9.0,1.471735627241903,3.473861809525021,113210.4328647618
80.0,108.0,1.5,1000.0,9.0,1.9348692162341101,3.355403924144981,148836.09355647003
80.0,108.0,1.5,1000.0,9.0,1.9348692162341101,3.355403924144981,148836.09355647003
80.0,106.0,1.5,1000.0,9.0,1.777550822512948,3.394175014809138,136734.67865484217
80.0,101.0,1.5,1000.0,9.0,1.397119660126492,3.4942387385575473,107470.74308665324
80.0,102.0,1.5,1000.0,9.0,1.471735627241903,3.473861809525021,113210.4328647618
80.0,103.0,1.5,1000.0,9.0,1.5470867270382542,3.453668394409194,119006.67131063495
80.0,109.0,1.5,1000.0,9.0,2.0146311121161014,3.3362812751896014,154971.62400893093
80.0,110.0,1.5,1000.0,9.0,2.095128140679033,3.317331881291514,161163.70312915638
